--
-- PostgreSQL database dump
--

-- Dumped from database version 12.6
-- Dumped by pg_dump version 12.6

-- Started on 2021-12-10 11:25:24

SET statement_timeout = 0;
SET lock_timeout = 0;
SET idle_in_transaction_session_timeout = 0;
SET client_encoding = 'UTF8';
SET standard_conforming_strings = on;
SELECT pg_catalog.set_config('search_path', '', false);
SET check_function_bodies = false;
SET xmloption = content;
SET client_min_messages = warning;
SET row_security = off;

--
-- TOC entry 2 (class 3079 OID 85732)
-- Name: postgis; Type: EXTENSION; Schema: -; Owner: -
--

CREATE EXTENSION IF NOT EXISTS postgis WITH SCHEMA public;


--
-- TOC entry 3791 (class 0 OID 0)
-- Dependencies: 2
-- Name: EXTENSION postgis; Type: COMMENT; Schema: -; Owner: 
--

COMMENT ON EXTENSION postgis IS 'PostGIS geometry and geography spatial types and functions';


--
-- TOC entry 1357 (class 1247 OID 85717)
-- Name: mood; Type: TYPE; Schema: public; Owner: postgres
--

CREATE TYPE public.mood AS ENUM (
    'sad',
    'solala',
    'ok',
    'happy',
    'jubilant'
);


ALTER TYPE public.mood OWNER TO postgres;

SET default_tablespace = '';

SET default_table_access_method = heap;

--
-- TOC entry 218 (class 1259 OID 113053)
-- Name: array_numeric_generator; Type: TABLE; Schema: public; Owner: postgres
--

CREATE TABLE public.array_numeric_generator (
    id integer NOT NULL,
    int2_array smallint[],
    int4_array integer[],
    int8_array bigint[],
    numeric_array numeric[],
    float8_array double precision[]
);


ALTER TABLE public.array_numeric_generator OWNER TO postgres;

--
-- TOC entry 219 (class 1259 OID 113070)
-- Name: binary_generator; Type: TABLE; Schema: public; Owner: postgres
--

CREATE TABLE public.binary_generator (
    id integer NOT NULL,
    binary_data bytea
);


ALTER TABLE public.binary_generator OWNER TO postgres;

--
-- TOC entry 204 (class 1259 OID 85682)
-- Name: boolean_generator; Type: TABLE; Schema: public; Owner: postgres
--

CREATE TABLE public.boolean_generator (
    id integer NOT NULL,
    "boolean" boolean,
    "unique" boolean
);


ALTER TABLE public.boolean_generator OWNER TO postgres;

--
-- TOC entry 205 (class 1259 OID 85695)
-- Name: character_generator; Type: TABLE; Schema: public; Owner: postgres
--

CREATE TABLE public.character_generator (
    id text NOT NULL,
    text text,
    "character varying" character varying,
    "character" character(1),
    "unique" text
);


ALTER TABLE public.character_generator OWNER TO postgres;

--
-- TOC entry 220 (class 1259 OID 248236)
-- Name: copy_generator; Type: TABLE; Schema: public; Owner: postgres
--

CREATE TABLE public.copy_generator (
    copy_int integer,
    copy_text text,
    copy_udt_asis public.geometry
);


ALTER TABLE public.copy_generator OWNER TO postgres;

--
-- TOC entry 3792 (class 0 OID 0)
-- Dependencies: 220
-- Name: COLUMN copy_generator.copy_int; Type: COMMENT; Schema: public; Owner: postgres
--

COMMENT ON COLUMN public.copy_generator.copy_int IS 'PGSYNTHDATA[COPY]';


--
-- TOC entry 3793 (class 0 OID 0)
-- Dependencies: 220
-- Name: COLUMN copy_generator.copy_text; Type: COMMENT; Schema: public; Owner: postgres
--

COMMENT ON COLUMN public.copy_generator.copy_text IS 'PGSYNTHDATA[COPY]';


--
-- TOC entry 3794 (class 0 OID 0)
-- Dependencies: 220
-- Name: COLUMN copy_generator.copy_udt_asis; Type: COMMENT; Schema: public; Owner: postgres
--

COMMENT ON COLUMN public.copy_generator.copy_udt_asis IS 'PGSYNTHDATA[COPY]';


--
-- TOC entry 206 (class 1259 OID 85707)
-- Name: datetime_generator; Type: TABLE; Schema: public; Owner: postgres
--

CREATE TABLE public.datetime_generator (
    id date NOT NULL,
    date date,
    "timestamp with time zone" timestamp with time zone,
    "timestamp without time zone" timestamp without time zone
);


ALTER TABLE public.datetime_generator OWNER TO postgres;

--
-- TOC entry 207 (class 1259 OID 85727)
-- Name: enumerated_generator; Type: TABLE; Schema: public; Owner: postgres
--

CREATE TABLE public.enumerated_generator (
    id integer NOT NULL,
    mood public.mood,
    "unique" public.mood
);


ALTER TABLE public.enumerated_generator OWNER TO postgres;

--
-- TOC entry 215 (class 1259 OID 86767)
-- Name: fk_generator; Type: TABLE; Schema: public; Owner: postgres
--

CREATE TABLE public.fk_generator (
    fk integer
);


ALTER TABLE public.fk_generator OWNER TO postgres;

--
-- TOC entry 214 (class 1259 OID 86762)
-- Name: fk_generator_ref; Type: TABLE; Schema: public; Owner: postgres
--

CREATE TABLE public.fk_generator_ref (
    id integer NOT NULL
);


ALTER TABLE public.fk_generator_ref OWNER TO postgres;

--
-- TOC entry 216 (class 1259 OID 86780)
-- Name: geometric_generator; Type: TABLE; Schema: public; Owner: postgres
--

CREATE TABLE public.geometric_generator (
    id integer NOT NULL,
    point point,
    line line,
    polygon polygon,
    circle circle,
    box box,
    lseg lseg,
    path path
);


ALTER TABLE public.geometric_generator OWNER TO postgres;

--
-- TOC entry 203 (class 1259 OID 85667)
-- Name: numeric_generator; Type: TABLE; Schema: public; Owner: postgres
--

CREATE TABLE public.numeric_generator (
    id integer NOT NULL,
    "integer" integer,
    "smallint" smallint,
    "bigint" bigint,
    "numeric" numeric,
    "double precision" double precision,
    "real" real,
    "unique" integer
);


ALTER TABLE public.numeric_generator OWNER TO postgres;

--
-- TOC entry 217 (class 1259 OID 86796)
-- Name: person_generator; Type: TABLE; Schema: public; Owner: postgres
--

CREATE TABLE public.person_generator (
    id integer NOT NULL,
    "PERSON_FIRST_NAME" text,
    "PERSON_LAST_NAME" text,
    "PERSON_NAME" text,
    "PERSON_PREFIX" text,
    "PERSON_SUFFIX" text,
    "unique" text
);


ALTER TABLE public.person_generator OWNER TO postgres;

--
-- TOC entry 3795 (class 0 OID 0)
-- Dependencies: 217
-- Name: COLUMN person_generator."PERSON_FIRST_NAME"; Type: COMMENT; Schema: public; Owner: postgres
--

COMMENT ON COLUMN public.person_generator."PERSON_FIRST_NAME" IS 'PGSYNTHDATA[PERSON_FIRST_NAME]';


--
-- TOC entry 3796 (class 0 OID 0)
-- Dependencies: 217
-- Name: COLUMN person_generator."PERSON_LAST_NAME"; Type: COMMENT; Schema: public; Owner: postgres
--

COMMENT ON COLUMN public.person_generator."PERSON_LAST_NAME" IS 'PGSYNTHDATA[PERSON_LAST_NAME]';


--
-- TOC entry 3797 (class 0 OID 0)
-- Dependencies: 217
-- Name: COLUMN person_generator."PERSON_NAME"; Type: COMMENT; Schema: public; Owner: postgres
--

COMMENT ON COLUMN public.person_generator."PERSON_NAME" IS 'PGSYNTHDATA[PERSON_NAME]';


--
-- TOC entry 3798 (class 0 OID 0)
-- Dependencies: 217
-- Name: COLUMN person_generator."PERSON_PREFIX"; Type: COMMENT; Schema: public; Owner: postgres
--

COMMENT ON COLUMN public.person_generator."PERSON_PREFIX" IS 'PGSYNTHDATA[PERSON_PREFIX]';


--
-- TOC entry 3799 (class 0 OID 0)
-- Dependencies: 217
-- Name: COLUMN person_generator."PERSON_SUFFIX"; Type: COMMENT; Schema: public; Owner: postgres
--

COMMENT ON COLUMN public.person_generator."PERSON_SUFFIX" IS 'PGSYNTHDATA[PERSON_SUFFIX]';


--
-- TOC entry 3800 (class 0 OID 0)
-- Dependencies: 217
-- Name: COLUMN person_generator."unique"; Type: COMMENT; Schema: public; Owner: postgres
--

COMMENT ON COLUMN public.person_generator."unique" IS 'PGSYNTHDATA[PERSON_FIRST_NAME]';


--
-- TOC entry 213 (class 1259 OID 86754)
-- Name: spatial_generator; Type: TABLE; Schema: public; Owner: postgres
--

CREATE TABLE public.spatial_generator (
    id integer NOT NULL,
    point public.geometry,
    "unique" public.geometry
);


ALTER TABLE public.spatial_generator OWNER TO postgres;

--
-- TOC entry 3783 (class 0 OID 113053)
-- Dependencies: 218
-- Data for Name: array_numeric_generator; Type: TABLE DATA; Schema: public; Owner: postgres
--

COPY public.array_numeric_generator (id, int2_array, int4_array, int8_array, numeric_array, float8_array) FROM stdin;
1	{90,43,83,NULL}	{807,997,348,823,NULL}	{8095,789,NULL}	{0.7138504556185311,0.40362412684336313}	{0.6733774244168041,0.6974691293929406}
2	{36}	{714,130}	{974,8560,8830,NULL}	{0.42526621030613077,0.6447160898111329,NULL}	{0.6207095235548625,0.6575267589714676,0.20781815413613558,0.03779375772240934,0.23580510688008727,NULL}
30	{57}	{551,212,707,NULL}	{1545,6561,6893,5356,NULL}	{0.7548098913864183,0.11139463332417077,0.5024280506710121,0.19088428697063875,0.9562096314530222,NULL}	{0.8199221940732725,0.40816356317485614,0.707204342781953,0.665033382209745,NULL}
31	{19,25,24,12,NULL}	{240,453}	{2419,7485,6360,4617,NULL}	{0.6056763929012765,0.567749105923757,0.7032039433644726,0.8719068665888474,NULL}	{0.676981803861444}
32	{15,0,86,27,NULL}	{292,915}	{7207,714}	{0.47737506934776575,0.42569513202708587,NULL}	{0.7401928628403589,0.014740519607356561,NULL}
33	{20,34,96,NULL}	{953,102,637,NULL}	{3264,7017,4766,5314,NULL}	{0.7316375848473875,0.062062976652561996,0.37850053963427777,NULL}	{0.587018908488608,0.5775818318882909,NULL}
34	{43,5}	{601,968,746,748,215,NULL}	{9233,6407,2693,6385,NULL}	{0.8716407982261254,0.799913024920357,NULL}	{0.8768335619093556,0.7355927216693517,NULL}
35	{98}	{309,614,NULL}	{5165,3439,7423,7284,NULL}	{0.28006282336763844,0.7480416506380705,0.34850550257896973,NULL}	{0.5049534286918483}
36	{18,72,57,NULL}	{455,471}	{5200,470,NULL}	{0.8207549183950994,0.18146000577234478,0.7943255164764782,NULL}	{0.12061651443351551,0.8776912235324749,0.22634641334999372,NULL}
37	{18,93,66,15,NULL}	{307,746,388,97,54,NULL}	{5633,1290,2518,1983,3620,NULL}	{0.06635577489961575,0.32453391247689145}	{0.7273178896480725,0.5887345992176763,0.7287016609096778,0.7272071081598168,NULL}
38	{87,73,14,68,NULL}	{413,161}	{6883,6865}	{0.38464677611504106,0.9709303330903589,0.02470475888800494,0.5719830801543038,NULL}	{0.7140396584432935,0.12734556068544667,0.5278048372880013,0.28257192868865333,0.40730770842654773,NULL}
39	{6,22,71,41,81,NULL}	{568}	{644,5185,5090,NULL}	{0.7982186882731638,0.9448657951932129,0.545029755792514,0.044085870121613135,NULL}	{0.41369842326053363,0.0017990589305555416,0.36244818185789784,0.3648446145248866,NULL}
3	{33,91,35,NULL}	{505,413,484,217,NULL}	{3301,6046,6811,2560,NULL}	{0.9066659489116055,0.946333908420091,0.9990962937319106,NULL}	{0.6858339522028072,0.8597908107675734,0.35950111217427394,0.5234724386658641,0.9205128800124309,NULL}
4	{35,36}	{349,434,46,133,NULL}	{6769,8177,98,5961,NULL}	{0.734640596390677,0.04421843961438987}	{0.6818862156880614}
5	{32}	{435}	{1839,3037,6718,NULL}	{0.14395869974063236,0.7392352060239915,0.08556472983846197,NULL}	{0.7489548731606976,0.6705647003533813,NULL}
6	{0,60,54,NULL}	{811,919,765,NULL}	{2577}	{0.5679107925198291}	{0.5397240464420119,0.48531550008855007,0.8191305315072647,NULL}
26	{61,97,79,57,45,NULL}	{794,168,28,428,696,NULL}	{6134,7746,NULL}	{0.4867035947039031,0.04049240279448696,0.5082492511620298,NULL}	{0.3931810140647981,0.9980958891413242}
27	{85,25,88,52,72,NULL}	{875}	{9149,6225,4294,7908,NULL}	{0.8824432012103428}	{0.9290388249682314}
28	{7,71}	{326,818}	{998,4095,NULL}	{0.9334695011838481,0.7756800768885773,0.8051785369834501,0.15764391733898564,NULL}	{0.954551202251647,0.8652321372387659,0.9040870803989538,NULL}
29	{16,4,NULL}	{500,555,190,426,55,NULL}	{9698,5813,8739,NULL}	{0.5757421324892267,0.928517020813351}	{0.35068672869236484,0.528233352301041,0.4658543427201507,NULL}
45	{1,83,19,77,41,NULL}	{904,809}	{503}	{0.44710817397305425,0.046201227259836664,0.9111229803914382,0.6759325900220216,0.8578036886586284,NULL}	{0.01624398384137682,0.7909323322559345,0.1861751971501876,0.11607982580426002,0.601932595362138,NULL}
47	{47,60,NULL}	{913,237,NULL}	{8454,625}	{0.38683783978466035,0.7337841376437335}	{0.5734958877332974,0.7816876548606594,NULL}
82	\N	\N	\N	\N	\N
7	{2,7,99,NULL}	{550,811}	{5250,3041,6878,NULL}	{0.2993344967691154,0.9165960723497135,NULL}	{0.6052997931683155}
8	{30,97,80,69,NULL}	{623,1}	{5634,778,3075,416,NULL}	{0.7243803352111161,0.3601968113562264,0.125770687149112,0.5286747356214256,0.06031259413739398,NULL}	{0.5104750350023215,0.7961882718585606,0.07255050927973705,0.15225514310851285,NULL}
9	{66,70,42,36,64,NULL}	{462,293,NULL}	{15,8402,6003,NULL}	{0.12765995765381621,0.31815396937414897}	{0.7602883034399462,0.15983110164867176,0.4566515539866398,NULL}
10	{13,70,24,58,98,NULL}	{581,273,54,515,NULL}	{5547,5198,8302,8264,3914,NULL}	{0.158564190766198,0.916659437300509}	{0.21007305931948617,0.6643432916065263,0.07004542991370055,0.048703574906419966,NULL}
11	{10,78,50,56,58,NULL}	{441,822}	{776,8400,NULL}	{0.13354470426419007,0.7735325081808188,0.674093123799181,NULL}	{0.9112631293492016}
12	{24,26,82,16,21,NULL}	{854,786,995,NULL}	{3507,1127}	{0.17408037880644056}	{0.41611985455749523,0.9625615236757566,0.5777187052314529,0.8920817617382818,NULL}
13	{63,42,58,25,48,NULL}	{418}	{6042}	{0.17272956000906337,0.41632013321306705,0.9590697588151071,0.655702329198772,NULL}	{0.866942706649234,0.034500633396142955,0.3434109367776912,NULL}
14	{54,8}	{9}	{4627,4819,NULL}	{0.7128286341555891,0.7452283799852971}	{0.7830392735011479,0.5932057138067878,NULL}
15	{34,66,47,NULL}	{551,98}	{4621,7220}	{0.44220331527454193,0.15111436511552112,0.36340753438038553,0.6569086856730595,0.7886675113838542,NULL}	{0.8884217677936528,0.006999549375224068}
16	{4,89}	{195}	{6595}	{0.947877272169707,0.25770461102737907,0.040789641490020845,0.40898072755519455,NULL}	{0.2189673738480954,0.8446615699223416,0.40306808708110076,NULL}
17	{50}	{733,908,194,35,NULL}	{5468}	{0.005353303862390524,0.7646815911839906}	{0.8971693454819061,0.9190175104153859,0.8238932654229364,0.22944115015454059,NULL}
18	{0,70,46,53,14,NULL}	{153,487,58,283,NULL}	{9110,9837,NULL}	{0.45274797780236875,0.22445908568039386,0.8830722689683758,NULL}	{0.8665546770590338,0.7683397696902139,0.9371525709797532,0.44111410254678063,NULL}
19	{3}	{250}	{87,3093,5264,NULL}	{0.0559596168901767,0.8209904708213225,0.46245153400431716,0.6088884408054499,NULL}	{0.04964883192670866,0.9527187454895059}
81	\N	\N	\N	\N	\N
83	\N	\N	\N	\N	\N
84	\N	\N	\N	\N	\N
85	\N	\N	\N	\N	\N
20	{25,85,37,28,NULL}	{669}	{365,7959,3538,6948,8750,NULL}	{0.28704705564501887,0.851012200310854}	{0.6649321025423592}
21	{69,71,76,72,NULL}	{851,592}	{7763,5234,NULL}	{0.41730248315230745,0.6590180829125925,0.16389090471824963,0.98057511974112,0.7096663548199521,NULL}	{0.8803575127125567}
22	{20,72,NULL}	{948,467,486,965,59,NULL}	{3894,7352,3187,NULL}	{0.33565381440482356}	{0.373745272397363,0.5736130234517762,0.8085383303418447,NULL}
23	{27,73,23,35,NULL}	{144,260}	{8730,2672}	{0.0238787985463621,0.3819369090579573,0.18555803934457893,0.6392977977780262,0.6609116088427776,NULL}	{0.8937155016187046,0.20925262856786897,0.1256427043932259,0.35345722939198077,0.285889927970963,NULL}
24	{72}	{7}	{6134,3706}	{0.9789193647292049,0.47548557350468845,0.5248741695596758,0.5412918963090849,NULL}	{0.6872842444370746,0.6216395182846242,0.5551844666589708,0.19646847923172972,NULL}
25	{4,94,84,57,67,NULL}	{339,408}	{6139,9996}	{0.21760874003846054,0.7703871356646935}	{0.19453902655960853,0.7195332449675422,NULL}
40	{44,81,91,55,NULL}	{226,548,687,NULL}	{366,4015,3923,2316,5600,NULL}	{0.4638488488977317,0.020219705610567518}	{0.13411450894305255,0.6331550453425083,0.6877848214423852,0.7631428040129594,0.7926989577591933,NULL}
41	{37,17}	{225,39}	{728,7725,711,6331,4781,NULL}	{0.8082333328351021,0.6572501385072053}	{0.8281753781301538,0.8250124162335857,NULL}
42	{95,27,25,9,NULL}	{953,298,81,NULL}	{9045,7984,NULL}	{0.9793605343383041,0.12536435575457772,0.584218200035727,0.3892883358283056,NULL}	{0.6335306677876739,0.2798223449107181,NULL}
43	{77,85,38,27,NULL}	{673,504,297,NULL}	{4654,3938,8573,NULL}	{0.5351328118786757,0.9183940085077613,0.9531974863175873,0.9709889985595878,NULL}	{0.4291311639147486,0.9064357255599157,0.217709722174793,0.29483503662768606,NULL}
44	{12}	{218}	{8142,2678,NULL}	{0.10624135179988892,0.27849007399369086,0.6277402922751779,NULL}	{0.10098434852820037,0.20268136015918325}
46	{62,93,17,35,NULL}	{311,826,9,205,NULL}	{6534,1171,4374,9112,NULL}	{0.5221372900373165}	{0.027099763724658277,0.03105580169458333}
48	{40,61,NULL}	{148,371}	{1018,7127,1789,NULL}	{0.49390499901981455,0.7237794089882102}	{0.9126138139667404,0.14025874059783672}
49	{95,38,NULL}	{584,278,NULL}	{6204,770}	{0.8545873445530268,0.35107815099957995,NULL}	{0.11059224696875725,0.10328557832794971,0.7249282994155598,NULL}
50	{92,76,20,8,NULL}	{975,57,826,584,54,NULL}	{746,8844,NULL}	{0.618228070541732,0.4606982793494311,0.4784139881294761,0.9112969489892516,0.4610627446115657,NULL}	{0.32202432587813823,0.12848117108721846,NULL}
51	{59,18,49,15,9,NULL}	{69}	{1793}	{0.19231382915605055,0.38800189136596097,NULL}	{0.25834828032813506,0.54821261409264,0.42820191491039794,0.01755131315240832,0.20225976090036257,NULL}
52	{30,22,26,NULL}	{49,509,350,NULL}	{804,4486,5524,NULL}	{0.4635660284189883}	{0.3826209197994497,0.660150908558535,0.40596062515778464,0.9790427692487124,0.2127342214539263,NULL}
53	{83,20,86,12,NULL}	{714}	{2653}	{0.44628668346904454,0.8653128523501513,0.5462503432885824,NULL}	{0.15107046284878212,0.991908810213024,0.49857701149817213,0.2409583850089405,NULL}
54	{54,45,40,NULL}	{605,373}	{4568,4393,2283,7245,NULL}	{0.1691120666896907,0.29377010030602946,0.9605612751635716,0.6916362330927859,NULL}	{0.36431091642265534,0.1456339947351074,0.49411457498721245,0.31998081116982047,0.2032479010659045,NULL}
55	{38,74,NULL}	{584,583,58,627,816,NULL}	{3407,4659}	{0.7137618446729893}	{0.5784403357731055,0.9727893266718095,0.5851771477658361,NULL}
56	{93}	{831}	{9111,2535}	{0.251592423031161,0.5916223395625398}	{0.5860637495456635,0.43070343800186095,0.674983137958005,NULL}
57	{76,47,NULL}	{114,685,898,917,969,NULL}	{8170,186}	{0.7311244428214139,0.9518161256598883}	{0.8235808133811445,0.5887921942266177}
58	{24,75}	{898,741,810,479,490,NULL}	{6084,1412,8406,2630,6382,NULL}	{0.500712795335045,0.22084585442622973,0.04203792265823292,NULL}	{0.7561102623921381,0.8811526776931822,0.9645224313678672,0.6021325971117578,NULL}
59	{19,74,NULL}	{673}	{8850,3769,9270,NULL}	{0.38416773427228157,0.20832161545004435}	{0.6453590943886419,0.7616686127329287,NULL}
60	{17,98,74,96,NULL}	{192,551,243,222,524,NULL}	{6871,3865,NULL}	{0.01070155036464382,0.09768270912330812,0.9233271431725409,NULL}	{0.5283119237622362}
61	{10,84}	{223,489,681,NULL}	{6899,3789,2631,NULL}	{0.4818162466500353,0.8960007672830521,0.2932111816795171,NULL}	{0.8309838114889231,0.6068632690939669,0.5534872489881612,NULL}
62	{68,16,31,NULL}	{349,174,880,392,NULL}	{8720}	{0.9062678222208618,0.845883596837589,0.04274269898385319,0.4640070833482266,0.6319571267831036,NULL}	{0.3007841123054781}
63	{62,68,80,51,NULL}	{365,267,566,NULL}	{2499,8788}	{0.4991525210259451,0.8650422651749962,NULL}	{0.06907114122663371}
64	{46,91,7,NULL}	{170,663,394,318,NULL}	{8235,8761}	{0.7746107724618289,0.38858559824112693,NULL}	{0.25198162424328696}
65	{36}	{244,552}	{6378,9505}	{0.6300028428173303}	{0.4313016033549901,0.17916335508452896,0.5738652842792483,0.6689546283600027,NULL}
66	{4,85}	{316,867}	{980,6219,NULL}	{0.04766482685148532,0.8854178681062185,0.10809016182710185,0.529941204813167,0.9282836884011512,NULL}	{0.9489230826739218,0.9722228477652566,0.3684756774970105,0.6088176352071815,0.1078870354214273,NULL}
67	{58}	{279,416,895,557,NULL}	{9071,3571,NULL}	{0.38297748107294605,0.7515038391948041,0.48345507858056747,0.006390502467731762,0.8436014477810018,NULL}	{0.623687558543626,0.24006295910959774}
68	{13,7,NULL}	{779,380}	{2801,9901,8317,5526,NULL}	{0.3476853903957061,0.5732178286108208,0.7444785000976327,0.4343988183646904,0.23744649612237534,NULL}	{0.9194645235223927,0.02414752610325943,0.9027240824489514,NULL}
69	{4,58,47,NULL}	{599}	{5240,8047}	{0.5849010323590278,0.8545719250856284,0.5682517937709705,0.0812363660980524,NULL}	{0.4379587070544514,0.6967146871967305,0.057771432679350476,0.16067000638109352,0.5943173397469982,NULL}
70	{64,53,NULL}	{540,190,677,942,NULL}	{5999,3527,6923,NULL}	{0.4799486007107333}	{0.9060636617369124,0.9907546926202085,0.41994146106274854,0.43753922838070647,NULL}
71	{16,88,23,NULL}	{113,681,512,627,NULL}	{790,7614,9033,1927,3295,NULL}	{0.6852690193911062}	{0.9380824525965384,0.6911842348994951,0.3092292695351513,0.5300833742476846,0.7390711033175502,NULL}
72	{80,5,59,NULL}	{339,180,883,330,301,NULL}	{4524,477,494,6389,NULL}	{0.29672478651372736,0.26257054177417793,0.691255792299248,0.9800287663678005,0.4609244840781984,NULL}	{0.7852051286570427}
73	{42,23,3,15,15,NULL}	{26,749,551,475,576,NULL}	{6708,9765}	{0.1496172393293722}	{0.8617234581809635,0.49588604507070777,0.2434746331199733,0.7898711462575436,NULL}
74	{50}	{501,145,65,132,NULL}	{9377,2491,7386,4407,NULL}	{0.5037670642571008,0.6349496632583018,NULL}	{0.03805704234840923,0.34881395808653937,0.920316800135698,NULL}
75	{47,49,95,20,11,NULL}	{408,775,679,NULL}	{7456}	{0.743295337557441,0.09420015092568912,NULL}	{0.297172828662721,0.6108115141043091}
76	{72,34,17,42,NULL}	{822,754}	{1377,8661,7077,3932,3065,NULL}	{0.7365674988227812,0.5511630710060376,NULL}	{0.8744256061919999,0.24039994269693654,0.4986064163342355,0.18214768604457798,0.2876377124178018,NULL}
77	{18,17,NULL}	{91}	{8575,6000,1254,NULL}	{0.6826977420019886,0.6228033670040386,0.5361395856502472,0.4246871312754015,0.8765868388892925,NULL}	{0.24113573803057076,0.9467448727863721,0.09768093749233842,0.8255601458307936,0.764755636326425,NULL}
78	{11,77,95,NULL}	{246}	{4518,1055,4040,4930,NULL}	{0.9348660003231515,0.9075475573343085,0.9317685063029426,0.27532001774854364,NULL}	{0.14595136457608504,0.3271182280209137,NULL}
79	{99,1,37,97,4,NULL}	{794,130}	{3489,2561}	{0.6072469646891933,0.9773715307848682}	{0.5463719477013024,0.8954205545021751,0.9731626212019993,NULL}
80	{76,74}	{551,602,661,660,NULL}	{4108,1194,5253,999,8659,NULL}	{0.16439446510919342}	{0.6233301631241255,0.12517307841156533}
86	\N	\N	\N	\N	\N
87	\N	\N	\N	\N	\N
88	\N	\N	\N	\N	\N
89	\N	\N	\N	\N	\N
90	\N	\N	\N	\N	\N
91	\N	\N	\N	\N	\N
92	\N	\N	\N	\N	\N
93	\N	\N	\N	\N	\N
94	\N	\N	\N	\N	\N
95	\N	\N	\N	\N	\N
96	\N	\N	\N	\N	\N
97	\N	\N	\N	\N	\N
98	\N	\N	\N	\N	\N
99	\N	\N	\N	\N	\N
100	\N	\N	\N	\N	\N
\.


--
-- TOC entry 3784 (class 0 OID 113070)
-- Dependencies: 219
-- Data for Name: binary_generator; Type: TABLE DATA; Schema: public; Owner: postgres
--

COPY public.binary_generator (id, binary_data) FROM stdin;
1	\\x7f7f
2	\\x7f7f
3	\\x7f7f
4	\\x7f7f
5	\\x7f7f
\.


--
-- TOC entry 3774 (class 0 OID 85682)
-- Dependencies: 204
-- Data for Name: boolean_generator; Type: TABLE DATA; Schema: public; Owner: postgres
--

COPY public.boolean_generator (id, "boolean", "unique") FROM stdin;
0	f	t
1	f	f
2	t	\N
3	t	\N
4	t	\N
5	t	\N
6	f	\N
7	f	\N
8	f	\N
9	t	\N
10	t	\N
11	t	\N
12	f	\N
13	t	\N
14	t	\N
15	t	\N
16	f	\N
17	f	\N
18	t	\N
19	t	\N
20	t	\N
21	t	\N
22	t	\N
23	t	\N
24	f	\N
25	t	\N
26	f	\N
27	t	\N
28	f	\N
29	f	\N
30	t	\N
31	f	\N
32	f	\N
33	f	\N
34	f	\N
35	t	\N
36	t	\N
37	f	\N
38	t	\N
39	t	\N
40	f	\N
41	t	\N
42	f	\N
43	t	\N
44	t	\N
45	t	\N
46	t	\N
47	t	\N
48	f	\N
49	t	\N
50	t	\N
51	f	\N
52	t	\N
53	t	\N
54	f	\N
55	t	\N
56	f	\N
57	t	\N
58	f	\N
59	f	\N
60	f	\N
61	t	\N
62	t	\N
63	t	\N
64	t	\N
65	f	\N
66	t	\N
67	t	\N
68	f	\N
69	t	\N
70	t	\N
71	f	\N
72	t	\N
73	t	\N
74	t	\N
75	f	\N
76	t	\N
77	t	\N
78	t	\N
79	t	\N
80	f	\N
81	\N	\N
82	\N	\N
83	\N	\N
84	\N	\N
85	\N	\N
86	\N	\N
87	\N	\N
88	\N	\N
89	\N	\N
90	\N	\N
91	\N	\N
92	\N	\N
93	\N	\N
94	\N	\N
95	\N	\N
96	\N	\N
97	\N	\N
98	\N	\N
99	\N	\N
\.


--
-- TOC entry 3775 (class 0 OID 85695)
-- Dependencies: 205
-- Data for Name: character_generator; Type: TABLE DATA; Schema: public; Owner: postgres
--

COPY public.character_generator (id, text, "character varying", "character", "unique") FROM stdin;
loremipsumatoZA	oWdpSoziGeCzmak	jLONgfvQ	P	blaloremipsumatoZA
loremipsumatoZB	jzCEpHwVRnnqBCN	wNjHzkOcU	T	blaloremipsumatoZB
loremipsumatoZC	ZPRKBxVvbSZczuyiRZ	QPNWWLIqr	S	blaloremipsumatoZC
loremipsumatoZD	ieBSsTfhpaWKilUkEM	iskY	V	blaloremipsumatoZD
loremipsumatoZE	qQwInf	AluKoXUrlcx	r	blaloremipsumatoZE
loremipsumatoZF	yDv	THvvsEeIANBSz	t	blaloremipsumatoZF
loremipsumatoZG	SnKYowF	lYASAnZNdliEzyxLBDkYCGR	z	blaloremipsumatoZG
loremipsumatoZH	vdQnfLrJHOycncCUNRjw	YxeedDoZeXRYbhXNRAzuYOV	Q	blaloremipsumatoZH
loremipsumatoZI	B	YecVNVNr	D	blaloremipsumatoZI
loremipsumatoZJ	tOOtr	asZ	K	blaloremipsumatoZJ
loremipsumatoZK	wXdJMZfUqtuWhgFzxZn	vjYMqBUtKqRAafgPN	I	blaloremipsumatoZK
loremipsumatoZL	ouFTginpCGyQ	cnHiSMfeiNqX	L	blaloremipsumatoZL
loremipsumatoZM	DgFOTWFulKUHYsEBE	nYMqWYhXPkW	t	blaloremipsumatoZM
loremipsumatoZN	MdeLfBHtOuFN	hX	M	blaloremipsumatoZN
loremipsumatoZO	AsEgSNQUIHXmq	PmkLFzwTaARKau	e	blaloremipsumatoZO
loremipsumatoZP	fgkKWKsCEtaffMa	xHiopKOaLvH	j	blaloremipsumatoZP
loremipsumatoZQ	puCRywMGPcwo	AvcbLMOzUrMSjOChhtW	j	blaloremipsumatoZQ
loremipsumatoZR	fWsfgdFCNH	kxjxHcjfGKKuZFGguflNj	H	blaloremipsumatoZR
loremipsumatoZS	KuItDYDEKVzjxg	sMLDGoPZpbZbbKX	l	blaloremipsumatoZS
loremipsumatoZT	ligZoXDRKsCOJFnGNugpql	gieemwlOCZqMd	U	blaloremipsumatoZT
loremipsumatoZU	ubMbOIjbTaMPBByU	VSDv	y	blaloremipsumatoZU
loremipsumatoZV	QZFv	uhK	p	blaloremipsumatoZV
loremipsumatoZW	agJWsrvPaZaZFokVIguAIRh	GwJjmBvolOGVZZaXL	M	blaloremipsumatoZW
loremipsumatoZX	BnwoPu	CCefqctSnIEvvLCBU	Z	blaloremipsumatoZX
loremipsumatoZXA	bZihup	Kq	L	blaloremipsumatoZXA
loremipsumatoZXB	pqOUCQva	j	p	blaloremipsumatoZXB
loremipsumatoZXC	FjXEVyRYcaTEVCUTLIWWHiE	ZwqpmSvWq	i	blaloremipsumatoZXC
loremipsumatoZXD	nCSourRrzD	Rv	D	blaloremipsumatoZXD
loremipsumatoZXE	rNZGRpuPVFOSYiBtPyCVj	lyfE	d	blaloremipsumatoZXE
loremipsumatoZXF	mfphZ	jzvvNGtvSIingOuLkvFJDnc	c	blaloremipsumatoZXF
loremipsumatoZXG	YrAnbJsgRMTFzoDAoOhN	QIFvUFW	J	blaloremipsumatoZXG
loremipsumatoZXH	MEJYsqtRWOtQhqeMY	G	Z	blaloremipsumatoZXH
loremipsumatoZXI	hiIpZLci	wPgWdsYMt	T	blaloremipsumatoZXI
loremipsumatoZXJ	BamHBnQMfXHfNdywk	aE	n	blaloremipsumatoZXJ
loremipsumatoZXK	rZFgvoPSdVfqmO	hEtvQYvBWoswQDTjS	C	blaloremipsumatoZXK
loremipsumatoZXL	hMHCvXFbfBDukpCyR	OsLiHZdfT	S	blaloremipsumatoZXL
loremipsumatoZXM	gpwwHBBAtBmOWOzENTZw	wFHEVlGUjgrDqGK	I	blaloremipsumatoZXM
loremipsumatoZXN	iBxJTDosIFZTmVAjyrf	N	D	blaloremipsumatoZXN
loremipsumatoZXO	tCkHasLIGMbVi	LZvMzphqLgBaO	b	blaloremipsumatoZXO
loremipsumatoZXP	iSfeHKXHzLj	PBRxNVAgUVddSYi	Y	blaloremipsumatoZXP
loremipsumatoZXQ	CYhKytczdqkiOWFXRJ	NhaLQnfcHLstXXIGBUWc	K	blaloremipsumatoZXQ
loremipsumatoZXR	VAsFKcpjjWJqRnYOALlKYZ	IqYxOAXOeEVc	J	blaloremipsumatoZXR
loremipsumatoZXS	zMinOfdFyiFBJMhFcAosBPU	KkfGZedMnHouZyMIMe	t	blaloremipsumatoZXS
loremipsumatoZXT	UcU	HQkyfKI	q	blaloremipsumatoZXT
loremipsumatoZXU	wtk	uaTyvqCcC	u	blaloremipsumatoZXU
loremipsumatoZXV	BRMj	xWrmuZkDTlmhoNpgowAY	U	blaloremipsumatoZXV
loremipsumatoZXW	IgxgFDoYYp	DEghLz	D	blaloremipsumatoZXW
loremipsumatoZXX	YUPtNSOpiYpZ	VsF	S	blaloremipsumatoZXX
loremipsumatoZXXA	ZpNwlSdMGq	AGcDSSYMDOEeTLzbrhYpBl	Z	blaloremipsumatoZXXA
loremipsumatoZXXB	X	ymqVsScDWF	W	blaloremipsumatoZXXB
loremipsumatoZXXC	lCnYETdtyHBPtkAT	hFwqPiKytNsMa	s	blaloremipsumatoZXXC
loremipsumatoZXXD	rkTCKwIrTxpaRTH	kvoSfzdLBTQL	O	blaloremipsumatoZXXD
loremipsumatoZXXE	ZFOCBcldnwXAWxgEf	Ca	h	blaloremipsumatoZXXE
loremipsumatoZXXF	fcpWjGkCjZIJYA	opFmpsNxtLeNHtCTkNpqp	j	blaloremipsumatoZXXF
loremipsumatoZXXG	NHt	mPFCWxEYpq	z	blaloremipsumatoZXXG
loremipsumatoZXXH	rMVd	alAlvNXHp	a	blaloremipsumatoZXXH
loremipsumatoZXXI	HdzsewdSUTGwEzrYPZPwSke	eGIiWVNiRfNtRRFGYAzP	C	blaloremipsumatoZXXI
loremipsumatoZXXJ	RLpuxwqZqCmMINgVRrcyd	vNvwOJ	v	blaloremipsumatoZXXJ
loremipsumatoZXXK	aEBgDpI	itodelXjzDgXEvUYpBiL	a	blaloremipsumatoZXXK
loremipsumatoZXXL	TIcVYxwoyVmvI	DXweXwfQM	V	blaloremipsumatoZXXL
loremipsumatoZXXM	tFGZFkYIIbnBDTrxpfjMt	biUrNauxeP	I	blaloremipsumatoZXXM
loremipsumatoZXXN	HYTpsuEaSuGtNYAkdckB	PKqbdHDK	p	blaloremipsumatoZXXN
loremipsumatoZXXO	uZuTTqy	rFHt	U	blaloremipsumatoZXXO
loremipsumatoZXXP	tXqUMFPZI	D	k	blaloremipsumatoZXXP
loremipsumatoZXXQ	OGqsBfQFUMghRKnFCD	qzoRjnpWGMBEHBUZPfp	b	blaloremipsumatoZXXQ
loremipsumatoZXXR	ZXVHwzKFqzsDHsXJD	YajUjSfxcARfmxRDmcqlRc	k	blaloremipsumatoZXXR
loremipsumatoZXXS	fDKzTX	xaD	v	blaloremipsumatoZXXS
loremipsumatoZXXT	nuSmugSKVcSkwHPly	FuftoHxscUOANFMpWSVm	w	blaloremipsumatoZXXT
loremipsumatoZXXU	wHOqtSqGxSzH	fHBCWRCh	N	blaloremipsumatoZXXU
loremipsumatoZXXV	krjFnfjo	fitkVNkVNhz	F	blaloremipsumatoZXXV
loremipsumatoZXXW	GdXoavwDeFZSBZdvduUnnVf	HLKnSRGidjFgbFjZBD	R	blaloremipsumatoZXXW
loremipsumatoZXXX	VHWipRafny	HmlXnuHSc	Q	blaloremipsumatoZXXX
loremipsumatoZXXXA	ozoQKyTRiMriPyxkZYew	MBcusPWiNwNvsfahYZie	t	blaloremipsumatoZXXXA
loremipsumatoZXXXB	tyNWaSVIkpl	OLePc	R	blaloremipsumatoZXXXB
loremipsumatoZXXXC	lzesCBrktvGJAZE	cPjPf	m	blaloremipsumatoZXXXC
loremipsumatoZXXXD	UqQXSnHwlJmhPLgshcUhF	dgBIbRxtxARdhHXPbRAD	c	blaloremipsumatoZXXXD
loremipsumatoZXXXE	RlU	fJfCTgcNaNXBudiuv	G	blaloremipsumatoZXXXE
loremipsumatoZXXXF	fXlohJeaQa	cH	w	blaloremipsumatoZXXXF
loremipsumatoZXXXG	VPjViaGoCgeIhoJJSk	ZlDZRxBPdRh	F	blaloremipsumatoZXXXG
loremipsumatoZXXXH	tIAPGJRBebjfBGalnqSIT	i	z	blaloremipsumatoZXXXH
loremipsumatoZXXXI	yltgLJPoEXMZqLvadbU	FoqNjvwzxWRLHCMNW	f	blaloremipsumatoZXXXI
loremipsumatoZXXXJ	\N	\N	\N	blaloremipsumatoZXXXJ
loremipsumatoZXXXK	\N	\N	\N	blaloremipsumatoZXXXK
loremipsumatoZXXXL	\N	\N	\N	blaloremipsumatoZXXXL
loremipsumatoZXXXM	\N	\N	\N	blaloremipsumatoZXXXM
loremipsumatoZXXXN	\N	\N	\N	blaloremipsumatoZXXXN
loremipsumatoZXXXO	\N	\N	\N	blaloremipsumatoZXXXO
loremipsumatoZXXXP	\N	\N	\N	blaloremipsumatoZXXXP
loremipsumatoZXXXQ	\N	\N	\N	blaloremipsumatoZXXXQ
loremipsumatoZXXXR	\N	\N	\N	blaloremipsumatoZXXXR
loremipsumatoZXXXS	\N	\N	\N	blaloremipsumatoZXXXS
loremipsumatoZXXXT	\N	\N	\N	blaloremipsumatoZXXXT
loremipsumatoZXXXU	\N	\N	\N	blaloremipsumatoZXXXU
loremipsumatoZXXXV	\N	\N	\N	blaloremipsumatoZXXXV
loremipsumatoZXXXW	\N	\N	\N	blaloremipsumatoZXXXW
loremipsumatoZXXXX	\N	\N	\N	blaloremipsumatoZXXXX
loremipsumatoZXXXXA	\N	\N	\N	blaloremipsumatoZXXXXA
loremipsumatoZXXXXB	\N	\N	\N	blaloremipsumatoZXXXXB
loremipsumatoZXXXXC	\N	\N	\N	blaloremipsumatoZXXXXC
loremipsumatoZXXXXD	\N	\N	\N	blaloremipsumatoZXXXXD
\.


--
-- TOC entry 3785 (class 0 OID 248236)
-- Dependencies: 220
-- Data for Name: copy_generator; Type: TABLE DATA; Schema: public; Owner: postgres
--

COPY public.copy_generator (copy_int, copy_text, copy_udt_asis) FROM stdin;
1	aaa	0101000000000000000000F03F000000000000F03F
2	bbb	010100000000000000000000400000000000000040
3	ccc	010100000000000000000008400000000000000840
4	ddd	010100000000000000000010400000000000001040
5	eee	010100000000000000000014400000000000001440
\.


--
-- TOC entry 3776 (class 0 OID 85707)
-- Dependencies: 206
-- Data for Name: datetime_generator; Type: TABLE DATA; Schema: public; Owner: postgres
--

COPY public.datetime_generator (id, date, "timestamp with time zone", "timestamp without time zone") FROM stdin;
2021-11-25	2012-03-10	2019-06-28 07:31:13+02	2010-07-14 03:26:15
2021-11-26	2009-07-30	2011-12-05 00:38:26+01	2013-09-17 00:07:58
2021-11-27	2008-02-13	2015-08-05 01:58:15+02	2009-04-22 17:30:26
2021-11-28	2013-02-16	2014-04-10 12:20:29+02	2008-06-11 23:46:17
2021-11-29	2017-12-05	2014-08-14 19:16:56+02	2019-02-26 13:49:53
2021-11-30	2018-06-21	2013-03-05 05:42:37+01	2009-06-23 05:21:51
2021-12-01	2015-09-13	2015-01-19 18:53:30+01	2014-07-29 14:22:43
2021-12-02	2016-09-26	2018-02-10 17:12:36+01	2009-08-23 17:30:32
2021-12-03	2021-07-02	2018-04-09 21:29:47+02	2014-05-25 11:21:56
2021-12-04	2009-08-29	2019-09-22 11:07:58+02	2013-11-17 15:21:01
2021-12-05	2018-10-01	2011-04-25 01:57:54+02	2021-11-29 02:35:15
2021-12-06	2012-05-15	2021-10-13 18:22:49+02	2009-01-06 08:25:41
2021-12-07	2019-03-19	2015-12-09 22:10:15+01	2017-04-15 06:19:51
2021-12-08	2016-05-09	2011-11-26 08:45:30+01	2016-06-16 09:47:36
2021-12-09	2010-06-20	2016-12-07 10:22:47+01	2018-04-25 10:24:01
2021-12-10	2014-11-07	2011-02-17 23:00:12+01	2014-07-03 19:04:42
2021-12-11	2014-05-27	2018-06-09 11:40:14+02	2012-09-02 05:03:10
2021-12-12	2016-09-13	2015-06-23 06:09:52+02	2008-05-21 01:48:39
2021-12-13	2015-06-06	2014-02-12 03:20:02+01	2010-06-23 09:26:02
2021-12-14	2019-07-07	2015-06-30 10:53:28+02	2010-04-19 22:59:48
2021-12-15	2012-05-20	2012-10-03 00:17:15+02	2008-07-02 11:16:59
2021-12-16	2009-11-27	2020-02-12 21:00:25+01	2009-10-06 01:37:46
2021-12-17	2008-11-05	2015-09-26 16:20:01+02	2019-12-05 18:29:16
2021-12-18	2019-05-12	2015-12-07 07:54:11+01	2008-09-14 12:32:07
2021-12-19	2014-03-19	2015-04-14 02:11:22+02	2013-07-27 17:54:03
2021-12-20	2019-10-21	2021-12-16 01:25:07+01	2019-03-13 16:30:20
2021-12-21	2014-09-14	2016-08-14 04:10:01+02	2014-07-18 09:13:09
2021-12-22	2009-05-28	2019-01-31 15:27:48+01	2009-07-13 07:28:26
2021-12-23	2017-10-06	2018-03-18 11:10:45+01	2008-06-23 02:45:07
2021-12-24	2014-09-29	2013-11-27 22:51:22+01	2008-02-22 08:39:10
2021-12-25	2017-02-21	2016-11-07 03:37:14+01	2010-12-24 13:34:45
2021-12-26	2016-05-28	2011-10-03 21:56:43+02	2018-02-15 23:57:01
2021-12-27	2009-08-30	2020-07-05 04:02:22+02	2013-10-11 01:47:14
2021-12-28	2016-03-24	2011-08-16 15:51:41+02	2009-03-23 20:23:10
2021-12-29	2011-03-15	2013-03-12 05:34:32+01	2016-12-29 10:12:34
2021-12-30	2009-04-29	2014-01-16 03:09:11+01	2012-08-20 08:42:50
2021-12-31	2015-09-30	2020-07-16 08:34:38+02	2008-09-11 05:37:32
2022-01-01	2020-08-20	2013-05-20 00:29:53+02	2010-01-11 03:01:04
2022-01-02	2018-05-06	2020-12-31 06:00:47+01	2011-08-04 08:20:23
2022-01-03	2018-01-03	2009-10-26 20:19:18+01	2021-09-16 08:24:39
2022-01-04	2009-03-12	2018-01-24 23:55:43+01	2012-07-11 22:38:57
2022-01-05	2010-04-07	2012-04-23 19:45:36+02	2019-08-09 00:47:31
2022-01-06	2021-12-11	2016-06-14 04:28:30+02	2008-06-22 00:58:32
2022-01-07	2017-11-20	2021-08-12 01:06:54+02	2020-06-13 10:36:09
2022-01-08	2008-01-31	2011-09-16 13:54:03+02	2020-02-22 19:44:32
2022-01-09	2015-03-28	2021-07-25 19:40:08+02	2020-02-13 08:47:25
2022-01-10	2021-07-30	2016-12-17 01:23:18+01	2020-11-11 16:49:30
2022-01-11	2011-05-02	2013-09-05 15:41:49+02	2010-01-10 12:42:35
2022-01-12	2014-06-24	2013-03-28 14:16:15+01	2008-07-17 12:37:35
2022-01-13	2009-09-06	2010-01-11 21:25:54+01	2009-01-01 03:26:51
2022-01-14	2009-07-22	2017-09-02 16:34:04+02	2021-07-11 23:02:11
2022-01-15	2019-12-21	2021-10-06 06:17:37+02	2020-08-04 16:25:48
2022-01-16	2008-02-05	2019-11-24 02:05:53+01	2014-10-22 13:13:52
2022-01-17	2018-10-23	2010-07-16 17:37:29+02	2014-02-09 02:18:38
2022-01-18	2016-10-10	2013-01-07 19:29:29+01	2019-02-08 08:08:38
2022-01-19	2008-03-16	2008-01-02 10:59:26+01	2015-02-20 17:31:00
2022-01-20	2011-05-07	2019-11-23 00:48:36+01	2011-05-12 00:14:24
2022-01-21	2014-01-04	2016-01-06 16:23:14+01	2009-08-08 05:23:47
2022-01-22	2018-11-04	2018-08-24 21:03:45+02	2010-02-27 15:06:18
2022-01-23	2020-10-02	2011-06-04 10:13:17+02	2010-04-07 03:15:22
2022-01-24	2018-06-29	2013-10-29 03:03:47+01	2012-07-02 23:40:02
2022-01-25	2015-08-09	2020-05-03 14:56:11+02	2013-06-14 12:51:29
2022-01-26	2020-07-27	2021-07-15 14:19:59+02	2021-08-07 02:23:52
2022-01-27	2014-03-30	2013-11-24 08:58:59+01	2012-01-26 23:04:35
2022-01-28	2020-02-27	2017-05-06 22:16:34+02	2015-05-20 06:18:43
2022-01-29	2011-09-23	2011-12-29 22:39:07+01	2021-03-23 15:05:22
2022-01-30	2009-07-15	2010-10-30 05:33:20+02	2020-04-19 10:35:27
2022-01-31	2010-05-18	2010-10-07 14:32:21+02	2021-10-20 03:03:09
2022-02-01	2012-04-20	2009-02-04 20:31:05+01	2016-08-02 13:28:56
2022-02-02	2016-05-16	2017-04-02 04:39:41+02	2012-11-06 10:15:13
2022-02-03	2020-09-02	2012-08-04 14:25:14+02	2016-05-04 05:27:54
2022-02-04	2014-01-07	2009-05-02 07:37:58+02	2011-09-26 15:37:48
2022-02-05	2008-06-18	2011-05-22 16:11:40+02	2021-11-28 06:11:07
2022-02-06	2019-06-14	2019-02-05 17:08:25+01	2016-07-25 05:20:56
2022-02-07	2014-01-06	2018-06-27 22:18:55+02	2014-05-03 01:32:43
2022-02-08	2014-09-21	2015-02-05 10:58:03+01	2013-09-04 22:23:47
2022-02-09	2012-11-21	2016-12-15 19:24:10+01	2009-06-16 12:26:20
2022-02-10	2016-04-20	2011-07-26 18:19:31+02	2021-08-22 03:36:52
2022-02-11	2008-03-26	2021-01-12 12:38:35+01	2010-07-13 07:26:27
2022-02-12	2018-04-01	2021-08-09 22:57:19+02	2016-10-08 07:15:25
2022-02-13	2015-01-29	2021-09-26 23:15:14+02	2015-09-18 23:04:25
2022-02-14	\N	\N	\N
2022-02-15	\N	\N	\N
2022-02-16	\N	\N	\N
2022-02-17	\N	\N	\N
2022-02-18	\N	\N	\N
2022-02-19	\N	\N	\N
2022-02-20	\N	\N	\N
2022-02-21	\N	\N	\N
2022-02-22	\N	\N	\N
2022-02-23	\N	\N	\N
2022-02-24	\N	\N	\N
2022-02-25	\N	\N	\N
2022-02-26	\N	\N	\N
2022-02-27	\N	\N	\N
2022-02-28	\N	\N	\N
2022-03-01	\N	\N	\N
2022-03-02	\N	\N	\N
2022-03-03	\N	\N	\N
2022-03-04	\N	\N	\N
\.


--
-- TOC entry 3777 (class 0 OID 85727)
-- Dependencies: 207
-- Data for Name: enumerated_generator; Type: TABLE DATA; Schema: public; Owner: postgres
--

COPY public.enumerated_generator (id, mood, "unique") FROM stdin;
0	happy	sad
1	happy	solala
2	sad	ok
3	sad	happy
4	jubilant	jubilant
5	sad	\N
6	ok	\N
7	ok	\N
8	sad	\N
9	solala	\N
10	sad	\N
11	solala	\N
12	jubilant	\N
13	ok	\N
14	solala	\N
15	jubilant	\N
16	jubilant	\N
17	sad	\N
18	solala	\N
19	jubilant	\N
20	jubilant	\N
21	ok	\N
22	jubilant	\N
23	sad	\N
24	jubilant	\N
25	jubilant	\N
26	jubilant	\N
27	solala	\N
28	solala	\N
29	ok	\N
30	solala	\N
31	jubilant	\N
32	jubilant	\N
33	sad	\N
34	happy	\N
35	jubilant	\N
36	jubilant	\N
37	solala	\N
38	happy	\N
39	jubilant	\N
40	sad	\N
41	solala	\N
42	happy	\N
43	sad	\N
44	sad	\N
45	happy	\N
46	ok	\N
47	ok	\N
48	sad	\N
49	jubilant	\N
50	happy	\N
51	ok	\N
52	happy	\N
53	happy	\N
54	solala	\N
55	happy	\N
56	happy	\N
57	jubilant	\N
58	ok	\N
59	solala	\N
60	sad	\N
61	happy	\N
62	happy	\N
63	solala	\N
64	solala	\N
65	ok	\N
66	ok	\N
67	jubilant	\N
68	happy	\N
69	sad	\N
70	happy	\N
71	ok	\N
72	jubilant	\N
73	ok	\N
74	solala	\N
75	sad	\N
76	ok	\N
77	jubilant	\N
78	sad	\N
79	ok	\N
80	\N	\N
81	\N	\N
82	\N	\N
83	\N	\N
84	\N	\N
85	\N	\N
86	\N	\N
87	\N	\N
88	\N	\N
89	\N	\N
90	\N	\N
91	\N	\N
92	\N	\N
93	\N	\N
94	\N	\N
95	\N	\N
96	\N	\N
97	\N	\N
98	\N	\N
99	\N	\N
\.


--
-- TOC entry 3780 (class 0 OID 86767)
-- Dependencies: 215
-- Data for Name: fk_generator; Type: TABLE DATA; Schema: public; Owner: postgres
--

COPY public.fk_generator (fk) FROM stdin;
0
1000
2000
3000
4000
5000
6000
7000
8000
9000
10000
11000
12000
13000
14000
15000
16000
17000
18000
19000
20000
21000
22000
23000
24000
25000
26000
27000
28000
29000
30000
31000
32000
33000
34000
35000
36000
37000
38000
39000
40000
41000
42000
43000
44000
45000
46000
47000
48000
49000
50000
51000
52000
53000
54000
55000
56000
57000
58000
59000
60000
61000
62000
63000
64000
65000
66000
67000
68000
69000
70000
71000
72000
73000
74000
75000
76000
77000
78000
79000
80000
81000
82000
83000
84000
85000
86000
87000
88000
89000
90000
91000
92000
93000
94000
95000
96000
97000
98000
99000
\.


--
-- TOC entry 3779 (class 0 OID 86762)
-- Dependencies: 214
-- Data for Name: fk_generator_ref; Type: TABLE DATA; Schema: public; Owner: postgres
--

COPY public.fk_generator_ref (id) FROM stdin;
0
1000
2000
3000
4000
5000
6000
7000
8000
9000
10000
11000
12000
13000
14000
15000
16000
17000
18000
19000
20000
21000
22000
23000
24000
25000
26000
27000
28000
29000
30000
31000
32000
33000
34000
35000
36000
37000
38000
39000
40000
41000
42000
43000
44000
45000
46000
47000
48000
49000
50000
51000
52000
53000
54000
55000
56000
57000
58000
59000
60000
61000
62000
63000
64000
65000
66000
67000
68000
69000
70000
71000
72000
73000
74000
75000
76000
77000
78000
79000
80000
81000
82000
83000
84000
85000
86000
87000
88000
89000
90000
91000
92000
93000
94000
95000
96000
97000
98000
99000
\.


--
-- TOC entry 3781 (class 0 OID 86780)
-- Dependencies: 216
-- Data for Name: geometric_generator; Type: TABLE DATA; Schema: public; Owner: postgres
--

COPY public.geometric_generator (id, point, line, polygon, circle, box, lseg, path) FROM stdin;
0	(0.06887757992994481,0.026534267536749923)	{0.2780519657310979,0.32300487152753343,0.30380026839137286}	((0.8250156735836417,0.8278482588111207),(0.5869358230762135,0.7053905815924633))	<(0.08850909593995249,0.2851358674860536),0.09787169370168847>	(0.8250156735836417,0.8278482588111207),(0.5869358230762135,0.7053905815924633)	[(0.8250156735836417,0.8278482588111207),(0.5869358230762135,0.7053905815924633)]	((0.8250156735836417,0.8278482588111207),(0.5869358230762135,0.7053905815924633))
1	(0.6763060715268219,0.9077725642744949)	{0.8102639007677657,0.717258743884768,0.7430217679482952}	((0.732435423570811,0.5409829462585469),(0.8169289558791327,0.8259674879538272))	<(0.4550177743900081,0.8342130458110543),0.9014711355316711>	(0.8169289558791327,0.8259674879538272),(0.732435423570811,0.5409829462585469)	[(0.732435423570811,0.5409829462585469),(0.8169289558791327,0.8259674879538272)]	((0.732435423570811,0.5409829462585469),(0.8169289558791327,0.8259674879538272))
2	(0.465341460190415,0.7205083197122906)	{0.2070474003738274,0.692882253247159,0.7861228313938176}	((0.724395684447972,0.8425765313688575),(0.6926588766749541,0.5865645465917628))	<(0.6479602467653471,0.7040764241524049),0.8726668149775019>	(0.724395684447972,0.8425765313688575),(0.6926588766749541,0.5865645465917628)	[(0.724395684447972,0.8425765313688575),(0.6926588766749541,0.5865645465917628)]	((0.724395684447972,0.8425765313688575),(0.6926588766749541,0.5865645465917628))
3	(0.79977333574914,0.980665815715395)	{0.42857163423800904,0.2442021696066421,0.8428410249126959}	((0.5000553580933108,0.36522388567062025),(0.721006912539063,0.874786287453461))	<(0.3635662234774273,0.021901056767661076),0.8100947215321905>	(0.721006912539063,0.874786287453461),(0.5000553580933108,0.36522388567062025)	[(0.5000553580933108,0.36522388567062025),(0.721006912539063,0.874786287453461)]	((0.5000553580933108,0.36522388567062025),(0.721006912539063,0.874786287453461))
4	(0.7639403962617086,0.7853854555635127)	{0.2341789138310163,0.14166558393103235,0.12215446384590734}	((0.633374906303587,0.9140284011997307),(0.9802686019175549,0.25765965043579897))	<(0.20888094983521044,0.17915084037357887),0.5699393736066048>	(0.9802686019175549,0.9140284011997307),(0.633374906303587,0.25765965043579897)	[(0.633374906303587,0.9140284011997307),(0.9802686019175549,0.25765965043579897)]	((0.633374906303587,0.9140284011997307),(0.9802686019175549,0.25765965043579897))
5	(0.5662825513158057,0.5966273623344015)	{0.9262675845565645,0.6426124262041578,0.4853285298922698}	((0.782411144836456,0.024904912312379346),(0.951044535434286,0.1599310098223179))	<(0.4778977220345525,0.3468033510289277),0.13001246857728188>	(0.951044535434286,0.1599310098223179),(0.782411144836456,0.024904912312379346)	[(0.782411144836456,0.024904912312379346),(0.951044535434286,0.1599310098223179)]	((0.782411144836456,0.024904912312379346),(0.951044535434286,0.1599310098223179))
6	(0.4077510192737037,0.18082129147003478)	{0.6287136110077425,0.5827500103577331,0.32807592512559003}	((0.38078209441488564,0.26806326436275263),(0.961980719196648,0.3787599241838068))	<(0.307429692983885,0.7086041070154518),0.9907950669675589>	(0.961980719196648,0.3787599241838068),(0.38078209441488564,0.26806326436275263)	[(0.38078209441488564,0.26806326436275263),(0.961980719196648,0.3787599241838068)]	((0.38078209441488564,0.26806326436275263),(0.961980719196648,0.3787599241838068))
7	(0.8321645254576465,0.14552027144265534)	{0.6465782302064257,0.03180972726447284,0.36077168497965395}	((0.247638384347731,0.9027919160794492),(0.32481518122107356,0.33128086773631593))	<(0.5640916139219738,0.6136165530792689),0.7344302534854136>	(0.32481518122107356,0.9027919160794492),(0.247638384347731,0.33128086773631593)	[(0.247638384347731,0.9027919160794492),(0.32481518122107356,0.33128086773631593)]	((0.247638384347731,0.9027919160794492),(0.32481518122107356,0.33128086773631593))
8	(0.3236059873339773,0.9848541785719046)	{0.4537379081957764,0.7802694111402159,0.8345206684717889}	((0.10244709319979595,0.1129291376392193),(0.0324330076489312,0.8403683573101666))	<(0.23132705222436434,0.27564595201023856),0.33451745627841467>	(0.10244709319979595,0.8403683573101666),(0.0324330076489312,0.1129291376392193)	[(0.10244709319979595,0.1129291376392193),(0.0324330076489312,0.8403683573101666)]	((0.10244709319979595,0.1129291376392193),(0.0324330076489312,0.8403683573101666))
9	(0.8966670507046969,0.488998243855034)	{0.6888008774021613,0.2431777070182728,0.055901333127500896}	((0.8929967389257605,0.15738117346777358),(0.44229221189529,0.5997457498637797))	<(0.4198859697307856,0.730407430864969),0.06845856198623324>	(0.8929967389257605,0.5997457498637797),(0.44229221189529,0.15738117346777358)	[(0.8929967389257605,0.15738117346777358),(0.44229221189529,0.5997457498637797)]	((0.8929967389257605,0.15738117346777358),(0.44229221189529,0.5997457498637797))
10	(0.6361605526631394,0.6486960533236099)	{0.9704570493192785,0.2824980433952866,0.24634621700427728}	((0.24656690063698916,0.7166189963455777),(0.23247191428142444,0.78877243703751))	<(0.18478518141527933,0.37011761709457713),0.49932942730303154>	(0.24656690063698916,0.78877243703751),(0.23247191428142444,0.7166189963455777)	[(0.24656690063698916,0.7166189963455777),(0.23247191428142444,0.78877243703751)]	((0.24656690063698916,0.7166189963455777),(0.23247191428142444,0.78877243703751))
11	(0.4479822943854732,0.9435388222655857)	{0.7755096550212847,0.635770740609709,0.6444508372424566}	((0.6890793641393685,0.30622667124410563),(0.47788424994141776,0.2602984729598118))	<(0.9919999712739989,0.4789277116296802),0.15406194019005726>	(0.6890793641393685,0.30622667124410563),(0.47788424994141776,0.2602984729598118)	[(0.6890793641393685,0.30622667124410563),(0.47788424994141776,0.2602984729598118)]	((0.6890793641393685,0.30622667124410563),(0.47788424994141776,0.2602984729598118))
12	(0.7080990873451424,0.1969214667397744)	{0.7524175528713556,0.23389456248788976,0.021415718427160613}	((0.6355717945172834,0.7646815968845658),(0.8296237975923851,0.2555931637995442))	<(0.9960942823072179,0.005198199174720974),0.9644550636808327>	(0.8296237975923851,0.7646815968845658),(0.6355717945172834,0.2555931637995442)	[(0.6355717945172834,0.7646815968845658),(0.8296237975923851,0.2555931637995442)]	((0.6355717945172834,0.7646815968845658),(0.8296237975923851,0.2555931637995442))
13	(0.4038679565992356,0.04483228150677454)	{0.30902705623226523,0.0719596242863847,0.48361104809564925}	((0.9873097217049748,0.7424480402116387),(0.704879756382334,0.5517032354449273))	<(0.8819782238616714,0.5740479588240811),0.1711250216039304>	(0.9873097217049748,0.7424480402116387),(0.704879756382334,0.5517032354449273)	[(0.9873097217049748,0.7424480402116387),(0.704879756382334,0.5517032354449273)]	((0.9873097217049748,0.7424480402116387),(0.704879756382334,0.5517032354449273))
14	(0.31968807049725834,0.20616967995894808)	{0.1479766516831833,0.9914760491455517,0.5685987857172348}	((0.13317034987179344,0.13965188114177685),(0.9376008411831407,0.4470854758709174))	<(0.3880203386999761,0.5491248361061588),0.6723657477744738>	(0.9376008411831407,0.4470854758709174),(0.13317034987179344,0.13965188114177685)	[(0.13317034987179344,0.13965188114177685),(0.9376008411831407,0.4470854758709174)]	((0.13317034987179344,0.13965188114177685),(0.9376008411831407,0.4470854758709174))
15	(0.8017497587599284,0.9196954166414995)	{0.1654303631010008,0.9712757945627899,0.41973799653045374}	((0.9577175955739713,0.2982215620708176),(0.9287939374006575,0.4953037874851366))	<(0.9004396254722794,0.06373741915072373),0.44323414888493096>	(0.9577175955739713,0.4953037874851366),(0.9287939374006575,0.2982215620708176)	[(0.9577175955739713,0.2982215620708176),(0.9287939374006575,0.4953037874851366)]	((0.9577175955739713,0.2982215620708176),(0.9287939374006575,0.4953037874851366))
16	(0.8719509497620656,0.4227768820939253)	{0.5033078999616732,0.7436025172320749,0.2597793393219697}	((0.4796262582134012,0.06354068707824745),(0.919221855150893,0.5104985950577702))	<(0.6926992136474762,0.0650089174778622),0.6296727691468782>	(0.919221855150893,0.5104985950577702),(0.4796262582134012,0.06354068707824745)	[(0.4796262582134012,0.06354068707824745),(0.919221855150893,0.5104985950577702)]	((0.4796262582134012,0.06354068707824745),(0.919221855150893,0.5104985950577702))
17	(0.5409673515082026,0.361745113344337)	{0.3980970135545253,0.20117077826628593,0.9636627959632436}	((0.6724807813260026,0.1783438484332478),(0.7402303672140934,0.2950126474662015))	<(0.51340977984851,0.9074482559566072),0.9058191682769683>	(0.7402303672140934,0.2950126474662015),(0.6724807813260026,0.1783438484332478)	[(0.6724807813260026,0.1783438484332478),(0.7402303672140934,0.2950126474662015)]	((0.6724807813260026,0.1783438484332478),(0.7402303672140934,0.2950126474662015))
18	(0.41105124670769877,0.4297783172538554)	{0.08925393725047837,0.1279112083947438,0.5545382595465773}	((0.8128377342306918,0.46506047563102304),(0.8325507985027766,0.25419066707682936))	<(0.3077144227885028,0.24721739725929326),0.8422113398490547>	(0.8325507985027766,0.46506047563102304),(0.8128377342306918,0.25419066707682936)	[(0.8128377342306918,0.46506047563102304),(0.8325507985027766,0.25419066707682936)]	((0.8128377342306918,0.46506047563102304),(0.8325507985027766,0.25419066707682936))
19	(0.6146251998867736,0.9765188028651278)	{0.5778388473726663,0.9255454935987252,0.24363775288790512}	((0.16622773838794092,0.6139509377825704),(0.5910094592810906,0.49730622918850187))	<(0.8477190038045963,0.7528259358741376),0.22316471910436153>	(0.5910094592810906,0.6139509377825704),(0.16622773838794092,0.49730622918850187)	[(0.16622773838794092,0.6139509377825704),(0.5910094592810906,0.49730622918850187)]	((0.16622773838794092,0.6139509377825704),(0.5910094592810906,0.49730622918850187))
20	(0.8229979788580306,0.5010099112789635)	{0.18373491956543864,0.7387895244138685,0.6925597371900961}	((0.43228661441539895,0.14006361278238955),(0.40430901248786855,0.6965259601605667))	<(0.360554549818755,0.45825045385195584),0.6097830996855497>	(0.43228661441539895,0.6965259601605667),(0.40430901248786855,0.14006361278238955)	[(0.43228661441539895,0.14006361278238955),(0.40430901248786855,0.6965259601605667)]	((0.43228661441539895,0.14006361278238955),(0.40430901248786855,0.6965259601605667))
21	(0.1551328480559956,0.2871525053002876)	{0.21528343460035426,0.2057927208511766,0.029347143690881206}	((0.30055963218047266,0.3269727675621087),(0.9703238338546754,0.0037348037877009688))	<(0.29475920803594924,0.8063172292646533),0.7743498349570253>	(0.9703238338546754,0.3269727675621087),(0.30055963218047266,0.0037348037877009688)	[(0.30055963218047266,0.3269727675621087),(0.9703238338546754,0.0037348037877009688)]	((0.30055963218047266,0.3269727675621087),(0.9703238338546754,0.0037348037877009688))
22	(0.5681949647752863,0.9271844839877584)	{0.4671861353285591,0.24931475392711278,0.4024782331150969}	((0.39910016685290817,0.7091358910857044),(0.10576381435782811,0.46583751723719413))	<(0.04712675717917081,0.06068249130382275),0.23500785031832272>	(0.39910016685290817,0.7091358910857044),(0.10576381435782811,0.46583751723719413)	[(0.39910016685290817,0.7091358910857044),(0.10576381435782811,0.46583751723719413)]	((0.39910016685290817,0.7091358910857044),(0.10576381435782811,0.46583751723719413))
23	(0.21122407009956956,0.4558396699363747)	{0.8337890696110763,0.6025964352047077,0.6480782115748865}	((0.6926765358543426,0.22559269548796979),(0.48842211140278813,0.07833018384620083))	<(0.7284797195072353,0.7242059759583996),0.5248700603260069>	(0.6926765358543426,0.22559269548796979),(0.48842211140278813,0.07833018384620083)	[(0.6926765358543426,0.22559269548796979),(0.48842211140278813,0.07833018384620083)]	((0.6926765358543426,0.22559269548796979),(0.48842211140278813,0.07833018384620083))
24	(0.0017342942399534156,0.021787926297066496)	{0.420898205830471,0.9941473224272206,0.7331001433845906}	((0.18380376152462718,0.19523201328808415),(0.16538819402185578,0.8976683957066196))	<(0.8744763113766707,0.6071760701807747),0.7794552084361006>	(0.18380376152462718,0.8976683957066196),(0.16538819402185578,0.19523201328808415)	[(0.18380376152462718,0.19523201328808415),(0.16538819402185578,0.8976683957066196)]	((0.18380376152462718,0.19523201328808415),(0.16538819402185578,0.8976683957066196))
25	(0.2225186746591643,0.7911767411261227)	{0.674847985261362,0.8175400908270806,0.04207377375527299}	((0.7395360339476023,0.08952632398584948),(0.4306678559871513,0.5034624695924473))	<(0.07662410835435252,0.1370904812845556),0.10258887055990273>	(0.7395360339476023,0.5034624695924473),(0.4306678559871513,0.08952632398584948)	[(0.7395360339476023,0.08952632398584948),(0.4306678559871513,0.5034624695924473)]	((0.7395360339476023,0.08952632398584948),(0.4306678559871513,0.5034624695924473))
26	(0.035024933606648045,0.8614248316981687)	{0.6659139210141538,0.2615072574020221,0.5124716759157737}	((0.34485381155135897,0.7572430060872376),(0.9845277288538495,0.4067930792115729))	<(0.43441775595075294,0.46786592869974675),0.9972773281778542>	(0.9845277288538495,0.7572430060872376),(0.34485381155135897,0.4067930792115729)	[(0.34485381155135897,0.7572430060872376),(0.9845277288538495,0.4067930792115729)]	((0.34485381155135897,0.7572430060872376),(0.9845277288538495,0.4067930792115729))
27	(0.693132903935191,0.9931974059284928)	{0.143670586560517,0.20971269530985415,0.9780935620856309}	((0.6143735725194643,0.8892469908189087),(0.08764354697191501,0.9895662981890305))	<(0.7767196543750695,0.4109019832695252),0.1958627582375001>	(0.6143735725194643,0.9895662981890305),(0.08764354697191501,0.8892469908189087)	[(0.6143735725194643,0.8892469908189087),(0.08764354697191501,0.9895662981890305)]	((0.6143735725194643,0.8892469908189087),(0.08764354697191501,0.9895662981890305))
28	(0.14087867123725328,0.027963528314082664)	{0.32118055343765894,0.6933393128148688,0.9968603330742977}	((0.4573549701770482,0.7569741512009585),(0.2750030129363955,0.1445683338918945))	<(0.5834840052218158,0.1906119079828038),0.5786102328090574>	(0.4573549701770482,0.7569741512009585),(0.2750030129363955,0.1445683338918945)	[(0.4573549701770482,0.7569741512009585),(0.2750030129363955,0.1445683338918945)]	((0.4573549701770482,0.7569741512009585),(0.2750030129363955,0.1445683338918945))
29	(0.774563510399963,0.08846029821174528)	{0.8834925137759565,0.18838676269553511,0.6320266195383273}	((0.9916392881884033,0.6359360827358801),(0.5042137893651688,0.3903150658901158))	<(0.16228941869666746,0.5974716574582463),0.7277124445468687>	(0.9916392881884033,0.6359360827358801),(0.5042137893651688,0.3903150658901158)	[(0.9916392881884033,0.6359360827358801),(0.5042137893651688,0.3903150658901158)]	((0.9916392881884033,0.6359360827358801),(0.5042137893651688,0.3903150658901158))
30	(0.3510931512096601,0.9405043705326137)	{0.8904927128224626,0.8071396054529892,0.5451313032031757}	((0.3180202262608912,0.2122501315658606),(0.6111760317384122,0.45571953553222766))	<(0.9510671855644917,0.7952540323889591),0.4010870781921705>	(0.6111760317384122,0.45571953553222766),(0.3180202262608912,0.2122501315658606)	[(0.3180202262608912,0.2122501315658606),(0.6111760317384122,0.45571953553222766)]	((0.3180202262608912,0.2122501315658606),(0.6111760317384122,0.45571953553222766))
31	(0.2964273077100831,0.7358770511277322)	{0.8842250254441221,0.4086842727780381,0.21089657706383091}	((0.7014848457051838,0.08940339750147486),(0.9818676177222057,0.23707167712027089))	<(0.7235115060676428,0.23340798608691238),0.4037150374458205>	(0.9818676177222057,0.23707167712027089),(0.7014848457051838,0.08940339750147486)	[(0.7014848457051838,0.08940339750147486),(0.9818676177222057,0.23707167712027089)]	((0.7014848457051838,0.08940339750147486),(0.9818676177222057,0.23707167712027089))
32	(0.6876940492446283,0.253176989333866)	{0.000997846724533069,0.3997633194334418,0.3430977454148021}	((0.754245395856533,0.34795061451986264),(0.7849722254845761,0.83952189628905))	<(0.15399544218668226,0.28315077355002505),0.8833288788643937>	(0.7849722254845761,0.83952189628905),(0.754245395856533,0.34795061451986264)	[(0.754245395856533,0.34795061451986264),(0.7849722254845761,0.83952189628905)]	((0.754245395856533,0.34795061451986264),(0.7849722254845761,0.83952189628905))
33	(0.8517709904934604,0.17965268428627024)	{0.23476719385643097,0.09487243229572662,0.691381356191684}	((0.7421320375972927,0.3143436090866577),(0.30856004162208805,0.2647948071871298))	<(0.5678343353088722,0.3999726282599434),0.5606318155000899>	(0.7421320375972927,0.3143436090866577),(0.30856004162208805,0.2647948071871298)	[(0.7421320375972927,0.3143436090866577),(0.30856004162208805,0.2647948071871298)]	((0.7421320375972927,0.3143436090866577),(0.30856004162208805,0.2647948071871298))
34	(0.6178202526207454,0.67851147505955)	{0.8471419767004204,0.28364826098192286,0.8634174900972506}	((0.46257481615413176,0.16229862657926053),(0.38621549104444375,0.8410924546340218))	<(0.6947472442709989,0.5805953673938185),0.18264286191909695>	(0.46257481615413176,0.8410924546340218),(0.38621549104444375,0.16229862657926053)	[(0.46257481615413176,0.16229862657926053),(0.38621549104444375,0.8410924546340218)]	((0.46257481615413176,0.16229862657926053),(0.38621549104444375,0.8410924546340218))
35	(0.16993626737894618,0.44339076018196)	{0.7495810867612823,0.6205646220855058,0.5935611575255894}	((0.30539008825823233,0.28370809332544433),(0.3551419581476417,0.9625583763122227))	<(0.5138750607008115,0.14006196427875595),0.7419047835336667>	(0.3551419581476417,0.9625583763122227),(0.30539008825823233,0.28370809332544433)	[(0.30539008825823233,0.28370809332544433),(0.3551419581476417,0.9625583763122227)]	((0.30539008825823233,0.28370809332544433),(0.3551419581476417,0.9625583763122227))
36	(0.07079016641103908,0.7110365059560055)	{0.6654632684044665,0.47138005427159035,0.8725454653772461}	((0.7362117686147571,0.559923664532416),(0.13290032451120504,0.13283676042213677))	<(0.978625980429449,0.6624168336414586),0.48989897430823215>	(0.7362117686147571,0.559923664532416),(0.13290032451120504,0.13283676042213677)	[(0.7362117686147571,0.559923664532416),(0.13290032451120504,0.13283676042213677)]	((0.7362117686147571,0.559923664532416),(0.13290032451120504,0.13283676042213677))
37	(0.5629163257590173,0.8453964680130386)	{0.8448619510019442,0.8050332187276756,0.2248721512993629}	((0.8476768171709681,0.16636206649262764),(0.6594185787293887,0.01078196855892688))	<(0.3300827965723041,0.3334126587727071),0.6059003322348298>	(0.8476768171709681,0.16636206649262764),(0.6594185787293887,0.01078196855892688)	[(0.8476768171709681,0.16636206649262764),(0.6594185787293887,0.01078196855892688)]	((0.8476768171709681,0.16636206649262764),(0.6594185787293887,0.01078196855892688))
38	(0.029848908349450864,0.657297590630202)	{0.27556951421329834,0.009064122813817965,0.27040572803686913}	((0.9175159925289162,0.3278595640462566),(0.22597331093706985,0.976992777686523))	<(0.6182196492956968,0.05496314058716667),0.051800693727190206>	(0.9175159925289162,0.976992777686523),(0.22597331093706985,0.3278595640462566)	[(0.9175159925289162,0.3278595640462566),(0.22597331093706985,0.976992777686523)]	((0.9175159925289162,0.3278595640462566),(0.22597331093706985,0.976992777686523))
39	(0.6428437558249297,0.8389778022467322)	{0.34001465657552066,0.45824600228599843,0.9711876490137451}	((0.5316817503428507,0.6660297665285725),(0.4144951256427417,0.3832410574981505))	<(0.667275519099384,0.6284771202822624),0.6887702902754527>	(0.5316817503428507,0.6660297665285725),(0.4144951256427417,0.3832410574981505)	[(0.5316817503428507,0.6660297665285725),(0.4144951256427417,0.3832410574981505)]	((0.5316817503428507,0.6660297665285725),(0.4144951256427417,0.3832410574981505))
40	(0.8548583155495073,0.23236751242797804)	{0.6825523072354082,0.43973933863744863,0.6549872905782471}	((0.9805130007712377,0.18194561649405971),(0.5509843582708948,0.29855997470400386))	<(0.4035322031587526,0.04979494667947859),0.08153673481370127>	(0.9805130007712377,0.29855997470400386),(0.5509843582708948,0.18194561649405971)	[(0.9805130007712377,0.18194561649405971),(0.5509843582708948,0.29855997470400386)]	((0.9805130007712377,0.18194561649405971),(0.5509843582708948,0.29855997470400386))
41	(0.4223534672634346,0.7220142225301873)	{0.852448634050268,0.6331289095099881,0.4488529620213747}	((0.78025172419782,0.9741169576300994),(0.41262405812785663,0.8293612175426972))	<(0.4844093985851934,0.2188609659063563),0.041144098367641324>	(0.78025172419782,0.9741169576300994),(0.41262405812785663,0.8293612175426972)	[(0.78025172419782,0.9741169576300994),(0.41262405812785663,0.8293612175426972)]	((0.78025172419782,0.9741169576300994),(0.41262405812785663,0.8293612175426972))
42	(0.5358694767478133,0.3038664877684556)	{0.639357228854961,0.5604815307792247,0.9520986128111898}	((0.06411988144294933,0.6727867092205062),(0.4214268936038703,0.8441092799293924))	<(0.1432090170550594,0.811288828266953),0.2556393893013764>	(0.4214268936038703,0.8441092799293924),(0.06411988144294933,0.6727867092205062)	[(0.06411988144294933,0.6727867092205062),(0.4214268936038703,0.8441092799293924)]	((0.06411988144294933,0.6727867092205062),(0.4214268936038703,0.8441092799293924))
43	(0.6967145043521182,0.8504249450879057)	{0.1527702404974418,0.5939511241025694,0.4891677532887363}	((0.6129929385027714,0.2663494916601673),(0.6733026612094781,0.45456680715687003))	<(0.20106376626593192,0.9178632057428576),0.15518524507064313>	(0.6733026612094781,0.45456680715687003),(0.6129929385027714,0.2663494916601673)	[(0.6129929385027714,0.2663494916601673),(0.6733026612094781,0.45456680715687003)]	((0.6129929385027714,0.2663494916601673),(0.6733026612094781,0.45456680715687003))
44	(0.21802846737152137,0.14438803759794927)	{0.10267589847437975,0.20562254379690292,0.4749598870550804}	((0.8498293007263388,0.8565229647457238),(0.21319337796026638,0.09968587810780905))	<(0.7610522051038474,0.08542321760095917),0.20757985058769557>	(0.8498293007263388,0.8565229647457238),(0.21319337796026638,0.09968587810780905)	[(0.8498293007263388,0.8565229647457238),(0.21319337796026638,0.09968587810780905)]	((0.8498293007263388,0.8565229647457238),(0.21319337796026638,0.09968587810780905))
45	(0.07880262636845337,0.995734905328724)	{0.8307911207680145,0.30222521744055675,0.7311731596008876}	((0.9384756004158623,0.1993790025111133),(0.7811770957740516,0.10202597928289092))	<(0.9680904234848422,0.2785562842749508),0.3571408754936609>	(0.9384756004158623,0.1993790025111133),(0.7811770957740516,0.10202597928289092)	[(0.9384756004158623,0.1993790025111133),(0.7811770957740516,0.10202597928289092)]	((0.9384756004158623,0.1993790025111133),(0.7811770957740516,0.10202597928289092))
46	(0.8652308508474721,0.13530308406411695)	{0.6950411838151425,0.9462698240408774,0.009344489505998421}	((0.9316767394222194,0.832387628561761),(0.16034964439112998,0.1366988213443442))	<(0.7040113496236562,0.10273417021310505),0.0854067276767142>	(0.9316767394222194,0.832387628561761),(0.16034964439112998,0.1366988213443442)	[(0.9316767394222194,0.832387628561761),(0.16034964439112998,0.1366988213443442)]	((0.9316767394222194,0.832387628561761),(0.16034964439112998,0.1366988213443442))
47	(0.7998247326908905,0.115742595739044)	{0.3694183316115831,0.9625369546971614,0.20772622811592245}	((0.10077156702763712,0.527919186377639),(0.8393962818590004,0.878008307351569))	<(0.3486897232884216,0.7708995727828106),0.4382849163817095>	(0.8393962818590004,0.878008307351569),(0.10077156702763712,0.527919186377639)	[(0.10077156702763712,0.527919186377639),(0.8393962818590004,0.878008307351569)]	((0.10077156702763712,0.527919186377639),(0.8393962818590004,0.878008307351569))
48	(0.34788819143008265,0.9605594591737201)	{0.8359649998436458,0.13826313190139294,0.5454719252372928}	((0.07517708039051296,0.7863253481535227),(0.40884921231095417,0.19438623164199942))	<(0.8756131238705845,0.22323655823134247),0.928540164562901>	(0.40884921231095417,0.7863253481535227),(0.07517708039051296,0.19438623164199942)	[(0.07517708039051296,0.7863253481535227),(0.40884921231095417,0.19438623164199942)]	((0.07517708039051296,0.7863253481535227),(0.40884921231095417,0.19438623164199942))
49	(0.3421421806587742,0.02708877589543024)	{0.1756569142171639,0.9583460639613781,0.6070820873082298}	((0.35371723408394584,0.14437496603685662),(0.33977680009694256,0.8310199287016884))	<(0.14823617552620483,0.2325805814649634),0.6847549217604055>	(0.35371723408394584,0.8310199287016884),(0.33977680009694256,0.14437496603685662)	[(0.35371723408394584,0.14437496603685662),(0.33977680009694256,0.8310199287016884)]	((0.35371723408394584,0.14437496603685662),(0.33977680009694256,0.8310199287016884))
50	(0.900453237402314,0.8036686364448395)	{0.015696331849606948,0.9863327818878608,0.13307463900521543}	((0.8218121573501769,0.2885863396318229),(0.6341077922830878,0.33774575660121187))	<(0.10952521504614998,0.35186224241357644),0.13356445016631024>	(0.8218121573501769,0.33774575660121187),(0.6341077922830878,0.2885863396318229)	[(0.8218121573501769,0.2885863396318229),(0.6341077922830878,0.33774575660121187)]	((0.8218121573501769,0.2885863396318229),(0.6341077922830878,0.33774575660121187))
51	(0.6014758688715441,0.008014325312087123)	{0.6755767819206043,0.7570364745789947,0.3904934166519888}	((0.4043644004105492,0.8303875856147128),(0.9524566863045882,0.5004210276358918))	<(0.09423149727004909,0.3642527137248813),0.0744907855098319>	(0.9524566863045882,0.8303875856147128),(0.4043644004105492,0.5004210276358918)	[(0.4043644004105492,0.8303875856147128),(0.9524566863045882,0.5004210276358918)]	((0.4043644004105492,0.8303875856147128),(0.9524566863045882,0.5004210276358918))
52	(0.6581718891655757,0.2982932808009505)	{0.5863102411271873,0.7015712714882927,0.3408171627039842}	((0.19322457500833656,0.8287497357931379),(0.40635737898530444,0.9590133587877899))	<(0.22702230207878737,0.7466215836495436),0.5941558000944>	(0.40635737898530444,0.9590133587877899),(0.19322457500833656,0.8287497357931379)	[(0.19322457500833656,0.8287497357931379),(0.40635737898530444,0.9590133587877899)]	((0.19322457500833656,0.8287497357931379),(0.40635737898530444,0.9590133587877899))
53	(0.5412079623614563,0.7322976102435189)	{0.38469166797170473,0.2953400169564693,0.15532819671628095}	((0.0052921436291211155,0.4347953950959107),(0.8447455507001279,0.0006799147993465926))	<(0.958173228091788,0.47883777383387427),0.9791036572088062>	(0.8447455507001279,0.4347953950959107),(0.0052921436291211155,0.0006799147993465926)	[(0.0052921436291211155,0.4347953950959107),(0.8447455507001279,0.0006799147993465926)]	((0.0052921436291211155,0.4347953950959107),(0.8447455507001279,0.0006799147993465926))
54	(0.42395106737624344,0.7927602699759823)	{0.4815457422826128,0.31428113259333745,0.8647568359950271}	((0.9466886662294326,0.6324957918766432),(0.31187445345968745,0.2828710950118021))	<(0.6117049520685293,0.6120293227908459),0.5481354953291104>	(0.9466886662294326,0.6324957918766432),(0.31187445345968745,0.2828710950118021)	[(0.9466886662294326,0.6324957918766432),(0.31187445345968745,0.2828710950118021)]	((0.9466886662294326,0.6324957918766432),(0.31187445345968745,0.2828710950118021))
55	(0.07856187587876817,0.8138841022473181)	{0.2996639869338873,0.2835634816610456,0.3678535351805797}	((0.3989883754354072,0.8458001035773142),(0.5960772317500652,0.7305251755999626))	<(0.014694508401779882,0.8982423581339195),0.498311543143965>	(0.5960772317500652,0.8458001035773142),(0.3989883754354072,0.7305251755999626)	[(0.3989883754354072,0.8458001035773142),(0.5960772317500652,0.7305251755999626)]	((0.3989883754354072,0.8458001035773142),(0.5960772317500652,0.7305251755999626))
56	(0.10408945417699733,0.8814621464897431)	{0.8741680603823286,0.7608833035538978,0.705817495473331}	((0.8904568107869572,0.7085698605176218),(0.3577914472505942,0.7715066018299458))	<(0.0020434559183372114,0.9206847137251183),0.060318296725179965>	(0.8904568107869572,0.7715066018299458),(0.3577914472505942,0.7085698605176218)	[(0.8904568107869572,0.7085698605176218),(0.3577914472505942,0.7715066018299458)]	((0.8904568107869572,0.7085698605176218),(0.3577914472505942,0.7715066018299458))
57	(0.44610073445301757,0.6831469693906357)	{0.1028193774921291,0.692022846656165,0.9020617445562249}	((0.178693350183741,0.31286298598052253),(0.7660940402776276,0.7425879309509943))	<(0.17523974572034984,0.7382429784852782),0.2753891407043848>	(0.7660940402776276,0.7425879309509943),(0.178693350183741,0.31286298598052253)	[(0.178693350183741,0.31286298598052253),(0.7660940402776276,0.7425879309509943)]	((0.178693350183741,0.31286298598052253),(0.7660940402776276,0.7425879309509943))
58	(0.3192228957213158,0.10403041530959611)	{0.2870068006984621,0.27883684726912783,0.9024688275788867}	((0.4756841207267002,0.9899627058066895),(0.17023558928055027,0.32730861765551045))	<(0.18842751406892566,0.7027210916487358),0.518951049199186>	(0.4756841207267002,0.9899627058066895),(0.17023558928055027,0.32730861765551045)	[(0.4756841207267002,0.9899627058066895),(0.17023558928055027,0.32730861765551045)]	((0.4756841207267002,0.9899627058066895),(0.17023558928055027,0.32730861765551045))
59	(0.20497598729685285,0.9175672264264195)	{0.18323354111617907,0.11852920841210524,0.24068805669619908}	((0.7297224627027667,0.5700993684719896),(0.29887045191860717,0.25995599067583586))	<(0.25987905126788524,0.8233266315569386),0.6586837756257768>	(0.7297224627027667,0.5700993684719896),(0.29887045191860717,0.25995599067583586)	[(0.7297224627027667,0.5700993684719896),(0.29887045191860717,0.25995599067583586)]	((0.7297224627027667,0.5700993684719896),(0.29887045191860717,0.25995599067583586))
60	(0.643854526721625,0.7467670176548584)	{0.3397591347453994,0.3907704501275855,0.518260203950021}	((0.5585254067418259,0.7896414063753917),(0.46825301262632335,0.9644946315736819))	<(0.5566459532489569,0.324475972529659),0.9535398012023845>	(0.5585254067418259,0.9644946315736819),(0.46825301262632335,0.7896414063753917)	[(0.5585254067418259,0.7896414063753917),(0.46825301262632335,0.9644946315736819)]	((0.5585254067418259,0.7896414063753917),(0.46825301262632335,0.9644946315736819))
61	(0.3508774280914855,0.6640814534338473)	{0.33624163110612615,0.7786959061063675,0.805721308113778}	((0.8260527397119299,0.1570423184330263),(0.7372424855490121,0.14905554087254158))	<(0.21368110901073056,0.380283137042859),0.7709467585216992>	(0.8260527397119299,0.1570423184330263),(0.7372424855490121,0.14905554087254158)	[(0.8260527397119299,0.1570423184330263),(0.7372424855490121,0.14905554087254158)]	((0.8260527397119299,0.1570423184330263),(0.7372424855490121,0.14905554087254158))
62	(0.5277715121533805,0.8500054841411137)	{0.36583579610454264,0.3550246759763568,0.5190788361920792}	((0.7751469599931442,0.9031002268465194),(0.9072302044465299,0.9945295524812234))	<(0.44791376300027985,0.27692009589853517),0.5360887616299015>	(0.9072302044465299,0.9945295524812234),(0.7751469599931442,0.9031002268465194)	[(0.7751469599931442,0.9031002268465194),(0.9072302044465299,0.9945295524812234)]	((0.7751469599931442,0.9031002268465194),(0.9072302044465299,0.9945295524812234))
63	(0.04669185951045518,0.10164368362221987)	{0.34013930143100213,0.7771975069664055,0.12296462376027939}	((0.09442983619792356,0.05809223008010489),(0.7349901121110299,0.6413866791742515))	<(0.4620911628892336,0.3530704981894174),0.5234910446970817>	(0.7349901121110299,0.6413866791742515),(0.09442983619792356,0.05809223008010489)	[(0.09442983619792356,0.05809223008010489),(0.7349901121110299,0.6413866791742515)]	((0.09442983619792356,0.05809223008010489),(0.7349901121110299,0.6413866791742515))
64	(0.9372579808177319,0.5585400724887418)	{0.8747138974525802,0.20408497547824878,0.5141793337746432}	((0.6722821482694658,0.9676927243808218),(0.18455457089512806,0.90361997602305))	<(0.9497970014124498,0.5190635253976457),0.524449701278358>	(0.6722821482694658,0.9676927243808218),(0.18455457089512806,0.90361997602305)	[(0.6722821482694658,0.9676927243808218),(0.18455457089512806,0.90361997602305)]	((0.6722821482694658,0.9676927243808218),(0.18455457089512806,0.90361997602305))
65	(0.05805030238104958,0.10295122250027255)	{0.6094826636492326,0.07265916752844981,0.9827275337448488}	((0.5398840121288419,0.5753548540090485),(0.035388820635856466,0.24678315229325287))	<(0.7040305920643602,0.6805795940521734),0.9740412102219204>	(0.5398840121288419,0.5753548540090485),(0.035388820635856466,0.24678315229325287)	[(0.5398840121288419,0.5753548540090485),(0.035388820635856466,0.24678315229325287)]	((0.5398840121288419,0.5753548540090485),(0.035388820635856466,0.24678315229325287))
66	(0.5098994931261439,0.0639629059992507)	{0.022735250375690574,0.652508248775741,0.28800046740424257}	((0.23838569459098613,0.0301081475128282),(0.11489518753543615,0.20458191571892448))	<(0.9001692173556578,0.11754515381306196),0.5285083715528865>	(0.23838569459098613,0.20458191571892448),(0.11489518753543615,0.0301081475128282)	[(0.23838569459098613,0.0301081475128282),(0.11489518753543615,0.20458191571892448)]	((0.23838569459098613,0.0301081475128282),(0.11489518753543615,0.20458191571892448))
67	(0.26794543705455365,0.8889570532738984)	{0.6218144009939635,0.34198915106503514,0.4588442376862193}	((0.9898950983652876,0.7992016098166683),(0.7388333131758612,0.694100437857826))	<(0.29802393669767524,0.14636781642925978),0.3602581987583068>	(0.9898950983652876,0.7992016098166683),(0.7388333131758612,0.694100437857826)	[(0.9898950983652876,0.7992016098166683),(0.7388333131758612,0.694100437857826)]	((0.9898950983652876,0.7992016098166683),(0.7388333131758612,0.694100437857826))
68	(0.6187471625169245,0.42905404535953007)	{0.9725235374765857,0.4738490027096981,0.6606181776337179}	((0.441326186724182,0.4498524123092873),(0.14342283963390934,0.538393726080724))	<(0.6350708614947733,0.7303328382310184),0.045819836772561184>	(0.441326186724182,0.538393726080724),(0.14342283963390934,0.4498524123092873)	[(0.441326186724182,0.4498524123092873),(0.14342283963390934,0.538393726080724)]	((0.441326186724182,0.4498524123092873),(0.14342283963390934,0.538393726080724))
69	(0.3685953133745923,0.7605589767424763)	{0.9979427703851271,0.5728401912091354,0.8580414630337143}	((0.7775237922745215,0.5594761991355748),(0.3752849616878774,0.17587386435114283))	<(0.6748723328283048,0.788983798209909),0.9239446242906193>	(0.7775237922745215,0.5594761991355748),(0.3752849616878774,0.17587386435114283)	[(0.7775237922745215,0.5594761991355748),(0.3752849616878774,0.17587386435114283)]	((0.7775237922745215,0.5594761991355748),(0.3752849616878774,0.17587386435114283))
70	(0.5534574893275277,0.8646091749384662)	{0.9632661305860419,0.0637544911091732,0.9988081971799019}	((0.44163115100345673,0.6051583113443252),(0.5213535074244682,0.2179044263365858))	<(0.9443153030298143,0.583826990750798),0.4548182102511852>	(0.5213535074244682,0.6051583113443252),(0.44163115100345673,0.2179044263365858)	[(0.44163115100345673,0.6051583113443252),(0.5213535074244682,0.2179044263365858)]	((0.44163115100345673,0.6051583113443252),(0.5213535074244682,0.2179044263365858))
71	(0.3541753830615947,0.4253922523886372)	{0.5182305219286011,0.3809520005236119,0.621556731532936}	((0.3882553785753886,0.3250024274841914),(0.48066888572452815,0.3797052608311283))	<(0.4521050996690853,0.7306726050906883),0.6189952813267423>	(0.48066888572452815,0.3797052608311283),(0.3882553785753886,0.3250024274841914)	[(0.3882553785753886,0.3250024274841914),(0.48066888572452815,0.3797052608311283)]	((0.3882553785753886,0.3250024274841914),(0.48066888572452815,0.3797052608311283))
72	(0.1381935562969696,0.9565555153492132)	{0.24572696025657736,0.45159860620176195,0.2648576980228431}	((0.2729953339147373,0.3689954736903306),(0.8618857497020388,0.20910862006005093))	<(0.5248774384091554,0.33822291925602843),0.8065940157252263>	(0.8618857497020388,0.3689954736903306),(0.2729953339147373,0.20910862006005093)	[(0.2729953339147373,0.3689954736903306),(0.8618857497020388,0.20910862006005093)]	((0.2729953339147373,0.3689954736903306),(0.8618857497020388,0.20910862006005093))
73	(0.3743331891001239,0.5624471246133653)	{0.3684120178714978,0.22705138451369833,0.8805235830461858}	((0.2780039810513324,0.3107763595172224),(0.8584320374943896,0.8478510249601351))	<(0.5415623273095792,0.16140898687477379),0.17401184292292726>	(0.8584320374943896,0.8478510249601351),(0.2780039810513324,0.3107763595172224)	[(0.2780039810513324,0.3107763595172224),(0.8584320374943896,0.8478510249601351)]	((0.2780039810513324,0.3107763595172224),(0.8584320374943896,0.8478510249601351))
74	(0.14317141518429677,0.36530981029789833)	{0.6952818252655253,0.7894202653722994,0.2062798923477085}	((0.24460016461152745,0.039987596381774515),(0.9812845689943587,0.6406687228800237))	<(0.07888412177270043,0.08153956558348552),0.24807842735307362>	(0.9812845689943587,0.6406687228800237),(0.24460016461152745,0.039987596381774515)	[(0.24460016461152745,0.039987596381774515),(0.9812845689943587,0.6406687228800237)]	((0.24460016461152745,0.039987596381774515),(0.9812845689943587,0.6406687228800237))
75	(0.3890666381154112,0.9976218102323284)	{0.8456573509415813,0.3308044530125789,0.4976134985330214}	((0.5533495682735586,0.7659272169445182),(0.9392087791409156,0.3821872182075132))	<(0.5963339112714977,0.19933250362393995),0.139226608020244>	(0.9392087791409156,0.7659272169445182),(0.5533495682735586,0.3821872182075132)	[(0.5533495682735586,0.7659272169445182),(0.9392087791409156,0.3821872182075132)]	((0.5533495682735586,0.7659272169445182),(0.9392087791409156,0.3821872182075132))
76	(0.1661752611555154,0.06439837430992046)	{0.2753720264352697,0.2669851028308833,0.1915380298371534}	((0.03954231865785951,0.28612754963980647),(0.16358415926620717,0.462477963473533))	<(0.1940250763569743,0.3569710851226404),0.8584225357240284>	(0.16358415926620717,0.462477963473533),(0.03954231865785951,0.28612754963980647)	[(0.03954231865785951,0.28612754963980647),(0.16358415926620717,0.462477963473533)]	((0.03954231865785951,0.28612754963980647),(0.16358415926620717,0.462477963473533))
77	(0.931350393068393,0.9824456058570924)	{0.5749350524691845,0.9887258638746897,0.0567502659330974}	((0.6533074280523321,0.9912939607155783),(0.2125601519036766,0.8686977098147123))	<(0.24139653820855422,0.9787324748288905),0.58306612048559>	(0.6533074280523321,0.9912939607155783),(0.2125601519036766,0.8686977098147123)	[(0.6533074280523321,0.9912939607155783),(0.2125601519036766,0.8686977098147123)]	((0.6533074280523321,0.9912939607155783),(0.2125601519036766,0.8686977098147123))
78	(0.13369480968162528,0.5056080117194638)	{0.893644119319384,0.7111261227876916,0.18658706950783022}	((0.6274402561394761,0.2774479063455981),(0.1400959873250498,0.22535838717264123))	<(0.7185566628460138,0.36683252282961476),0.19961848502458512>	(0.6274402561394761,0.2774479063455981),(0.1400959873250498,0.22535838717264123)	[(0.6274402561394761,0.2774479063455981),(0.1400959873250498,0.22535838717264123)]	((0.6274402561394761,0.2774479063455981),(0.1400959873250498,0.22535838717264123))
79	(0.12106940166860358,0.6505688437196316)	{0.46677285420580694,0.092553058249771,0.19821089384109403}	((0.572435240519774,0.9943692970477306),(0.7950636302878967,0.581323205946551))	<(0.20477519377609754,0.6580158412228743),0.7559644640883304>	(0.7950636302878967,0.9943692970477306),(0.572435240519774,0.581323205946551)	[(0.572435240519774,0.9943692970477306),(0.7950636302878967,0.581323205946551)]	((0.572435240519774,0.9943692970477306),(0.7950636302878967,0.581323205946551))
80	\N	\N	\N	\N	\N	\N	\N
81	\N	\N	\N	\N	\N	\N	\N
82	\N	\N	\N	\N	\N	\N	\N
83	\N	\N	\N	\N	\N	\N	\N
84	\N	\N	\N	\N	\N	\N	\N
85	\N	\N	\N	\N	\N	\N	\N
86	\N	\N	\N	\N	\N	\N	\N
87	\N	\N	\N	\N	\N	\N	\N
88	\N	\N	\N	\N	\N	\N	\N
89	\N	\N	\N	\N	\N	\N	\N
90	\N	\N	\N	\N	\N	\N	\N
91	\N	\N	\N	\N	\N	\N	\N
92	\N	\N	\N	\N	\N	\N	\N
93	\N	\N	\N	\N	\N	\N	\N
94	\N	\N	\N	\N	\N	\N	\N
95	\N	\N	\N	\N	\N	\N	\N
96	\N	\N	\N	\N	\N	\N	\N
97	\N	\N	\N	\N	\N	\N	\N
98	\N	\N	\N	\N	\N	\N	\N
99	\N	\N	\N	\N	\N	\N	\N
\.


--
-- TOC entry 3773 (class 0 OID 85667)
-- Dependencies: 203
-- Data for Name: numeric_generator; Type: TABLE DATA; Schema: public; Owner: postgres
--

COPY public.numeric_generator (id, "integer", "smallint", "bigint", "numeric", "double precision", "real", "unique") FROM stdin;
0	4069	6802	6590	2692.079317865761	410.01172693369557	1284.264	3693
1	592	2125	3653	4405.128387333105	6655.35063980883	1133.952	2630
2	1385	9776	7759	4991.403907553586	3830.9077044989026	2662.3997	6889
3	1134	1322	1365	3472.6950709303396	617.3360689248375	5390.252	5918
4	9858	2277	2648	1858.556267852657	1955.0865896959913	5845.7646	7825
5	6878	9888	5452	3015.468501795513	7027.669378704446	9144.981	3173
6	2374	1391	6237	3419.3504137850773	1035.5915606843146	6273.411	3295
7	2781	2868	3924	3589.362925050681	3650.435948593199	6698.9287	8253
8	6060	5215	6607	3409.4402942927136	1826.810744700732	1021.88715	1872
9	7160	1464	8902	4818.21173200628	6624.356995257248	9456.036	3544
10	4700	5703	435	5057.127739388397	8812.546051163776	9932.722	6226
11	1646	842	8200	841.1558512054129	4113.185605563947	5642.2407	6142
12	7538	4465	4482	7784.754097099488	3115.98587817013	3364.378	5449
13	8115	5053	1263	7173.551866463526	4046.0670007756685	4102.1704	2259
14	3913	4502	2371	3633.3585862975106	4306.363469659007	7527.4297	6204
15	5263	2516	7927	7138.627243019054	6141.123443803057	2562.4646	7897
16	3409	3604	8530	3820.5652154393897	7041.742740633391	7239.9507	1980
17	7888	4708	3773	6356.091941144857	6803.730185772952	3367.7876	1641
18	742	9537	9268	1533.364568301141	6103.758003578477	7582.256	995
19	396	2004	4485	9048.531041368466	328.7822255352868	5525.4194	7356
20	9964	2712	8960	3978.7366717839536	4086.2443552841164	8012.5825	9631
21	8318	2080	1394	3731.21637572427	4378.768453764806	7775.968	3222
22	9361	664	1463	7069.170585636907	7687.461642993217	6282.5625	2946
23	3140	3708	8520	29.614440568866975	7159.199598500352	4240.6777	2851
24	4052	9980	9976	2361.676491371684	6221.61073551765	5972.983	8522
25	2846	3075	6121	7768.591136912103	7979.089738260808	7710.635	3878
26	8321	9347	7570	4251.468266783043	7684.329812050071	2295.998	3271
27	4276	3294	471	8342.544593182885	8474.017795850621	4165.5273	2841
28	9672	9556	6493	9788.489180766992	2029.7469913599452	6135.0317	452
29	6737	9920	9171	2033.8362748352768	1563.5397458124266	9637.955	8714
30	5182	9645	2263	9740.392931448347	157.58254249960467	3650.4592	9957
31	1308	5754	9591	8373.142487741346	6924.845248492806	9099.26	4799
32	3654	5670	3978	2916.352822530401	8860.002480119238	7870.9067	4581
33	3528	7800	4060	5051.886058018985	7055.592354959802	685.60425	215
34	2783	8675	4537	1061.7397582465637	9476.045389746885	4596.6006	531
35	9850	1646	9342	9241.187342296842	8759.690651136025	632.43445	607
36	3751	358	5171	9249.820732943883	190.9004465124764	561.708	2075
37	6108	2352	8167	9542.237435546995	3336.5219096770284	1340.1971	3689
38	1750	1687	1402	9957.079418749136	5920.463108965627	4288.4565	574
39	2786	8690	62	3725.0522961005518	5601.177780055064	7839.867	4552
40	5384	9855	762	4998.633587063958	4654.509433000913	8004.306	7572
41	6662	6451	481	6392.800160231927	5960.898387716063	8104.6567	9336
42	2367	6438	422	7912.262826426569	3268.4655168495924	3646.2146	7605
43	30	3259	7520	6644.171771853206	2955.1826988014873	5868.5312	5178
44	4602	448	256	9526.649218846764	4104.57257531676	1770.4197	8585
45	2198	410	2941	6477.69623967584	1918.733754793035	7847.0757	8920
46	3397	9309	5558	4526.592290519877	275.6817194153027	7214.342	3550
47	9113	4846	6140	9330.509090601581	718.8588426905173	5554.275	5039
48	4907	993	6723	9041.209057347709	3921.2541172065153	983.46643	5367
49	3517	3526	1943	2925.326185262742	9593.057652500302	1807.0355	7428
50	7683	2759	2427	2997.8201515226187	5148.55499041462	8471.838	9931
51	2106	2260	8261	3195.642477443289	4269.758217589477	4218.9746	7177
52	5992	870	2951	623.828029949307	2063.4805671775393	8034.132	5867
53	4166	4772	2644	2428.3047385711775	7927.644139560303	6168.1104	6766
54	8049	5944	201	7016.23402235073	7723.723998976303	426.9906	4951
55	1614	5688	8546	5870.854293883802	740.7348406967518	1524.0354	7048
56	7893	3525	1242	5918.579562533156	3860.78710942265	5001.5483	262
57	8420	9137	5133	3323.868811812218	9458.05451138267	8306.495	9805
58	9917	2447	4228	469.6507518391424	404.15387258247557	3475.3057	2099
59	5106	6540	101	6908.5570945291765	9838.084403828416	2521.0574	8620
60	4628	8299	6109	7145.034519866765	1900.825805783114	6476.7603	6700
61	605	1107	4224	4522.872702492503	9274.354865186031	906.3108	5289
62	9283	2984	8653	4061.5404299698234	9238.603266632805	1614.4156	2461
63	4973	3080	9316	3106.9435544976122	7737.26890463692	7282.903	2230
64	4379	698	1299	1459.4610239348683	4798.863427297058	3970.137	5092
65	4541	8042	6614	4540.644862762348	5151.365654937062	9801.161	8377
66	1481	5770	4544	489.05832682426876	2035.174122377218	8875.526	9127
67	2778	9276	3078	8868.7500214305	9075.794261739835	6601.041	2129
68	9679	9292	8186	9855.046798760312	4990.61545868451	393.52185	3201
69	7774	5212	1606	6971.676491897854	6077.707916955931	9227.802	657
70	4779	5672	1548	5721.100849018326	5362.463260583186	2580.3115	3735
71	1568	3731	296	6389.168655949255	413.29011076515656	5796.268	8010
72	2578	7384	770	249.039045668793	5704.955474689996	6900.107	1709
73	2863	3258	1385	2202.9050058928046	5672.093178581812	8943.265	9121
74	9099	8369	1023	8522.442592254962	2312.504149977902	8541.09	3265
75	3741	2484	2841	3923.0000057059133	4661.443563430467	6105.3843	1921
76	9294	1496	7021	245.6436136059259	734.005870902753	9999.084	5052
77	223	530	7244	4611.846225450393	3586.7337578751344	5321.3013	7935
78	171	7869	3830	6804.978284649129	6604.603925930996	5684.8115	7470
79	7703	3707	2911	4540.756629477488	6188.771547780857	3581.6465	1483
80	4957	3364	9358	2585.939013333929	5535.104676495507	3662.8235	3090
81	\N	\N	\N	\N	\N	\N	\N
82	\N	\N	\N	\N	\N	\N	\N
83	\N	\N	\N	\N	\N	\N	\N
84	\N	\N	\N	\N	\N	\N	\N
85	\N	\N	\N	\N	\N	\N	\N
86	\N	\N	\N	\N	\N	\N	\N
87	\N	\N	\N	\N	\N	\N	\N
88	\N	\N	\N	\N	\N	\N	\N
89	\N	\N	\N	\N	\N	\N	\N
90	\N	\N	\N	\N	\N	\N	\N
91	\N	\N	\N	\N	\N	\N	\N
92	\N	\N	\N	\N	\N	\N	\N
93	\N	\N	\N	\N	\N	\N	\N
94	\N	\N	\N	\N	\N	\N	\N
95	\N	\N	\N	\N	\N	\N	\N
96	\N	\N	\N	\N	\N	\N	\N
97	\N	\N	\N	\N	\N	\N	\N
98	\N	\N	\N	\N	\N	\N	\N
99	\N	\N	\N	\N	\N	\N	\N
\.


--
-- TOC entry 3782 (class 0 OID 86796)
-- Dependencies: 217
-- Data for Name: person_generator; Type: TABLE DATA; Schema: public; Owner: postgres
--

COPY public.person_generator (id, "PERSON_FIRST_NAME", "PERSON_LAST_NAME", "PERSON_NAME", "PERSON_PREFIX", "PERSON_SUFFIX", "unique") FROM stdin;
0	Margarita	Steinmann	Naim Tobler-Brun	Prof.		Arta
1	Andrée	Hürlimann	Ensar Steffen	Prof.		Michal
2	Giorgia	Hasler	Alison Wirz	Prof.		Marie
3	Samuel	Wegmann	Romina Kunz Pfister	Prof.		Joao
4	Jaël	Stauffer	Nicholas Frey-Zbinden	Prof.		Björn
5	François	Wenger	Flurina Seiler	Dr.		Roman
6	Stefanie	Bachmann	Stefanie Friedli	Dr.		Wendelin
7	Silvana	Zimmermann	Sergio Bader	Prof.		Eric
8	Mia	Wirz	Nadège Fehr-Bachmann	Dr.		Carolina
9	Tiffany	Wagner	Yanik Wehrli	Prof.		Micheline
10	Sinisa	Leu	Matthew Fuchs-Berger	Dr.		Wilfried
11	Ramona	Eugster	Prof. Metin Ammann	Dr.		Kelly
12	Désirée	Furrer	Etienne Senn	Prof.		Kira
13	Max	Burri	Asia Kaiser	Prof.		Dennis
14	Mariangela	Gfeller	Ladina Lanz Zehnder	Prof.		Pablo
15	Leona	Kuhn	Niels Bucher	Prof.		Cornel
16	Guy	Sutter	Raquel Beck Zimmermann	Prof.		Kristian
17	Carina	Bachmann	Teodora Zehnder Hartmann	Prof.		Mihajlo
18	Gökhan	Spörri	Dr. Bashkim Schmidt	Prof.		Emmanuel
19	Vittoria	Hasler	Lucia Arnold-Jäggi	Dr.		Hildegard
20	Marica	Spörri	Iva Eugster	Prof.		Luciano
21	Noelia	Steinmann	Lionel Bader	Prof.		Emmanuelle
22	Nino	Gerber	Ida Baumgartner	Dr.		Amy
23	Susan	Lüthi	Giuliana Hafner	Dr.		Kristina
24	Lana	Wagner	Deborah Schweizer	Prof.		Gloria
25	Nevin	Meili	Moira Frey Sidler	Dr.		Cristiano
26	Jonas	Hafner	Dora Meister	Dr.		Yasemin
27	Lena	Felder	Hannah Schaller	Dr.		Andrée
28	Murat	Ernst	Jade Stadelmann	Prof.		Juliane
29	Agnès	Sigrist	Anja Schlatter	Dr.		Tomás
30	Sedat	Ackermann	Annabelle Mettler	Prof.		Lean
31	Leonard	Graf	Damjan Favre	Prof.		Marie-Claude
32	Gzim	Schaub	Hansueli Ziegler	Prof.		Rosetta
33	Helmut	Kern	Jessica Gloor	Dr.		Yanick
34	Luis	Stucki	Lilly Haas	Prof.		Daniela
35	Jannik	Kunz	Albert Wehrli	Prof.		Ewald
36	Morena	Steinmann	Tomas Kälin	Prof.		Michelle
37	Marija	Wirth	Prof. Rafael Stocker	Dr.		Katia
38	Maurus	Schlatter	Yannik Bucher	Prof.		Sónia
39	Veronika	Steiner	Eveline Michel-Roos	Prof.		Abel
40	Neo	Zbinden	Dr. Slavko Kuhn	Prof.		Marc
41	Ronja	Bianchi	Dr. Fabio Hafner	Prof.		Fabian
42	Emilio	Lüscher	Fabiana Hunziker Baur	Prof.		François
43	Tara	Kaiser	Karim Burri	Dr.		Anne-Marie
44	Valentina	Merz	Alison Gross	Dr.		Marcelle
45	Ayla	Thommen	Rexhep Jenni-Hug	Dr.		Gianluca
46	Cem	Kälin	Shania Stucki Ritter	Dr.		Anne-Lise
47	Sérgio	Schaub	Dr. Thea Kohler	Dr.		Margaritha
48	Tony	Mayer	Josephine Hermann	Dr.		Miranda
49	Ismet	Winkler	Tatiana Schenk	Dr.		Mariam
50	Silvia	Geiger	Horst Michel	Dr.		Johann
51	Gazmend	Baumgartner	Océane Schärer	Prof.		Ismet
52	Evelyne	Schaub	Mahmoud Baumgartner	Dr.		Biagio
53	Corina	Zürcher	Laure Kessler Suter	Dr.		Alban
54	Yusuf	Suter	Yannis Roth-Stettler	Prof.		Layla
55	Altin	Hürlimann	Mattia Stadelmann	Dr.		Selin
56	Angela	Hirt	Yvonne Ziegler	Dr.		Andrea
57	Konstantin	Bauer	Jakub Näf	Dr.		Raimund
58	Shqipe	Keller	Monica Scherrer	Dr.		Alisha
59	Kristian	Kuhn	Yvonne Baumgartner	Prof.		Lydia
60	Nicolas	Jenni	Leano Schärer	Dr.		Monica
61	Ekaterina	Hauser	Luan Bucher	Prof.		Kerstin
62	Alain	Berger	Mahmoud Rüegg	Prof.		Saverio
63	Eugenio	Ott	Miran Thommen	Prof.		Ulrich
64	Albert	Meili	Maryse Iten	Dr.		Julius
65	Luke	Lüthi	Gregory Kaiser	Dr.		Gerda
66	Jane	Ritter	Jara Ernst-Furrer	Dr.		Petra
67	Gerold	Steiger	Tuana Stutz	Dr.		Natasa
68	Jeanine	Betschart	Colin Gross	Prof.		Victor
69	Marielle	Vogel	Shania Baumann Lüthi	Dr.		Lydie
70	Jeanine	Bucher	Dr. Noa Bachmann	Dr.		Anne-Sophie
71	Marlen	Wyss	Kay Walder	Dr.		Francis
72	Orhan	Studer	Dr. Timon Jäggi	Dr.		Lukasz
73	Oscar	Schwarz	Irina Ritter	Prof.		Gianfranco
74	Pawel	Imhof	Marina Eichenberger Thommen	Dr.		Helen
75	Assunta	Schwarz	Christel Schnyder	Prof.		Joyce
76	Louis	Weibel	István Hotz	Prof.		Iva
77	Albin	Maurer	Prof. Raffael Amrein	Prof.		Nina
78	Stefania	Schmidt	Can Sigrist	Dr.		Armin
79	Safet	Koch	Mireille Lang	Dr.		Alessandra
80	\N	\N	\N	\N	\N	\N
81	\N	\N	\N	\N	\N	\N
82	\N	\N	\N	\N	\N	\N
83	\N	\N	\N	\N	\N	\N
84	\N	\N	\N	\N	\N	\N
85	\N	\N	\N	\N	\N	\N
86	\N	\N	\N	\N	\N	\N
87	\N	\N	\N	\N	\N	\N
88	\N	\N	\N	\N	\N	\N
89	\N	\N	\N	\N	\N	\N
90	\N	\N	\N	\N	\N	\N
91	\N	\N	\N	\N	\N	\N
92	\N	\N	\N	\N	\N	\N
93	\N	\N	\N	\N	\N	\N
94	\N	\N	\N	\N	\N	\N
95	\N	\N	\N	\N	\N	\N
96	\N	\N	\N	\N	\N	\N
97	\N	\N	\N	\N	\N	\N
98	\N	\N	\N	\N	\N	\N
99	\N	\N	\N	\N	\N	\N
\.


--
-- TOC entry 3778 (class 0 OID 86754)
-- Dependencies: 213
-- Data for Name: spatial_generator; Type: TABLE DATA; Schema: public; Owner: postgres
--

COPY public.spatial_generator (id, point, "unique") FROM stdin;
0	010100000050B25F34E6E3E93F54FA3FE5990BDA3F	01010000003C548F8E3BF1DE3F382629F66507B43F
1	0101000000A8CCC6414BA0E63F915C68965773E73F	01010000000AB1801F4423EB3F209DB56EA747D93F
2	010100000040F43A636D89B93F42EAEE9638EEE23F	0101000000E9DD3B75CDE2EA3F78401B39A073E13F
3	0101000000D246639864A5D13FA09F742679C3C73F	01010000006FDACDAF5527E73F02E1B9E86545D73F
4	0101000000B4727B473C07D53FAC927F961C44D23F	0101000000346400067240D53F93F189A09497EF3F
5	0101000000C988BB142779EC3F8DC158BAEF29EA3F	0101000000C898A7381BAEC23F502A1296F434BF3F
6	0101000000F0C38B384AF7C53F3C6D083BFCE1E83F	01010000003028C7279DBBDE3FE7D67D7F1D2EE63F
7	0101000000FBCDBE89DCD9E43F460581FB67D8D73F	01010000007125A216B5FCE93F0EC29F943899EB3F
8	010100000030078C6F15A3D23FA8CBA0A7B5EFEF3F	01010000005F760C825772E13FB0609B5AC7CBEF3F
9	010100000012ED37E3667FD83FE2B4EBDF3E71ED3F	01010000002CE0E2238F93CB3F68A0A7829662BD3F
10	01010000006EA3E2B28DD7E63F7A4F64C65CE5D83F	01010000002E203F038BD1E53F3AC85756B2E1DC3F
11	0101000000805B34CFA53ACA3F8EEB3D7EB041DE3F	01010000001391F0E50DA9EC3F1AE41E1BDA71D33F
12	0101000000AD91BE5EAD8CE43F6DB1C7359676E03F	01010000007A6833C7E724E23F60D8AD7786C8A63F
13	010100000090833F24BFECB73F70D4F9D1BF32A23F	01010000009C4CFEEC16B3CE3FE17B32B90945E73F
14	0101000000624CBC66B7E0E03FE47767BFA68DDC3F	01010000006CACF591E514DA3FC8CE8919C369E13F
15	01010000004861B8B1696BC53F101720B897F6E73F	010100000054BAD04EC2AFE13F44E9D6B37E3AD13F
16	0101000000707EC0EFFC8ED93FA61469054045E93F	0101000000D5301D85CE9FE53F7ED327E8716CD23F
17	0101000000B8DDCD2C7E00C63FBE1D9A4369A9D43F	0101000000CE5CBA986444DB3F9175475FD840E63F
18	0101000000AC5EEC75FB31DC3F1EC4C3287223E53F	010100000006432BC42123EE3FAFC4D257B413E13F
19	010100000091A1DEC19B00E43F8892DE717B00B63F	0101000000BC7C84087657E43F8179DC67BE32E43F
20	01010000007B39AB0E47E8E93FF801EAD45B1BBA3F	0101000000027DA884B76CDC3F90D7818D1C7CC73F
21	0101000000D76BBBD1A661E73F76952CAD7AE8D33F	010100000031E91112E6ADE13FB83F55926E72EA3F
22	010100000096F02A9FE8EAD73FE0BCFE601A83BF3F	0101000000A24E1ED3062CED3FC036BAF8FBC88A3F
23	0101000000D51B3B30ACD6EF3F5042DA1FFA64B53F	0101000000901029424214D13F99B04C9D38DDE73F
24	0101000000E6C5291BB470D33FFD117597EAC3E73F	01010000004149C2690530EC3F5049922EE94DB03F
25	0101000000C00A7ED97EA68A3F596DD0C68C97E73F	0101000000803600D8D493BF3F307AE938392BC53F
26	0101000000582FEFB90B5BC13F000834E3BFE57D3F	0101000000B0F4BA18738DD83FCA00A8F1F74FDE3F
27	0101000000709E7E7EDE9CB43F2FC0743019C0E53F	01010000002ADBF545DCDAE33F60BB1A1FAA5EC93F
28	010100000088D87B3A8AF4B03F42475C40A49DD63F	01010000006859C4FC8624D43F083FCDD1BB87D53F
29	01010000003C8D62A0187CCA3F01A9774F6177E73F	01010000002566EFF1DD94E93F932521FA2E46EE3F
30	0101000000ECD19DAE86ADE93F2CFF40C74CB7E13F	0101000000D80C7E81DE2CC13FF85C3C97D943B93F
31	0101000000D6E4F95D6199EB3F712E531F5B4FEE3F	0101000000945D32849CA4D63F68EF9843EA87E13F
32	010100000034BF08433CD1D43F187BA20D93AEB13F	010100000000C1E2CF456F773F548EEF851712C33F
33	0101000000D06C3533371DDF3F14A2D3FB5C3CEB3F	010100000046CADF6C5851E93FE0C0F94253EBC63F
34	0101000000641AF29B64EAE93FAE3221833527DC3F	01010000003762FB02D424EA3F5A58DC37E4E3DE3F
35	010100000094C9471BCE78CD3FF00360F32222EF3F	010100000014F61B9BC80ED93FF8B5D957AD50DC3F
36	0101000000B914AAE98FBEE83FDA70A8F0C9F0E63F	0101000000E811BF64DF44C13F86CA563E662CD83F
37	0101000000983584D35DCDCB3FE5FDA3FD9E7DEC3F	010100000022E728C15D95D63F5843CC977C4CD63F
38	010100000023C692D50890EB3FBDC438448C84E83F	010100000040B82B4786CFC33F22625C366770D83F
39	010100000024C5EAA1FA9AE63F140645DAF56EE53F	0101000000310A1DE65F0DE13F0C153741091BE13F
40	010100000082836A91E7E2E53F38791CB470B9DA3F	0101000000A060D0B6A7B6D93FF68B6193C14BE03F
41	01010000003C8168DD64EFEA3FF8AFBBD9D6E7D23F	0101000000581394CA909BDD3F00E2EB6619D3CB3F
42	0101000000696291596365E23FD960BCBBB8E6E63F	0101000000EF292D73FB4FEE3F743F1FF45DFCE73F
43	010100000020199A823A34E93F3C292E222696DA3F	0101000000C416BBE6096FCA3F7C7D5DECBD31D93F
44	01010000005FEFD571238DEB3F43E7508B02D4E73F	0101000000CC2F39E04240C23F6A31EB97F71FED3F
45	0101000000BABCD5C9ED12E83F2ACC6510F092D93F	0101000000E3F798005FBCEF3F944B24BC3222C83F
46	0101000000282BD58BA7B9C53F54ED002A50DDE43F	0101000000BEEE09A4F1ACED3F7CCFFE7CF279C33F
47	010100000046EABC040FA0E83F835D12B928E4E23F	0101000000547F53EA26D9E03FC81201EB970DEF3F
48	0101000000E277ABF3F35AE83F7C1A8EABDFEDD23F	0101000000E08FC53E6981AC3F60102D85D53CE83F
49	010100000023D59B9C1E3CE03FA8B2316BB757BC3F	010100000094989E205AF3C33FC61163A5C2DADA3F
50	0101000000E4D427DFD778E43F64DC79D50636DC3F	0101000000A09DD7F3A25DBD3F02A8AABFAA6CEF3F
51	0101000000903B540DDF92A03F70958798D592A93F	0101000000C21C09E6C0F1D73FA2E8AF0FE060E63F
52	0101000000DA1637270C37EA3F32E7ED41D8BEE53F	0101000000B8BC539D2D3DEA3FF931CCA8457DEC3F
53	010100000020181EDF35F9E83FE9D0DD293E9FE83F	0101000000229D1518F7D2D73F50DB4132BA3AB83F
54	01010000001A56CE1B9B32ED3FBEE3F2CA9D5EEE3F	01010000007071EAAF1F59C43F50EC0590CA8BD23F
55	0101000000BE9E5E302AE1E03F78BEB6DCF20CD23F	010100000024CE66A95623E33FEA37FDF229C4DF3F
56	01010000006CF83C8D7024DD3FBA6454AD4582D83F	0101000000DE3DD709BCE1E63F36D8FE62CA18DE3F
57	010100000054B1C197D9E5DD3FFB38617FA572E53F	01010000005B5E614531F9E63FC80A9A5B96E7D33F
58	0101000000863A090BE6B5D63F50BA8011EF7DD53F	010100000080314D1AFF41D43F24EB742F9F2DC13F
59	01010000002015E72DFE15A83F7743BC37C8DEE03F	0101000000B795E1FAB735E13FE47F541D218CE33F
60	0101000000BCCAB53D3D20C83F70CD9CDF3445C43F	0101000000A0E6D455183AE93FEAA35E22481BDC3F
61	010100000044CB8C22AF09C33F3CEB9782D1CED53F	010100000032EAE0E920D8E53F96313D95763BE23F
62	0101000000206C4B1E72DB9F3F9053F8DF0FB4DC3F	010100000020FD69E91355993F9DC6010239A0EB3F
63	010100000060E1B3FD1F60913FE82F42A0775BBD3F	0101000000E00642717462A23FE0763AEC5123AC3F
64	0101000000EA86CB2F84EDDA3F2CE6CC322EEFEF3F	0101000000C073ADAD9FDCA83F618F5DD3A398E33F
65	010100000016B3EBC1CB68D03FDE46F6DE0FC6ED3F	0101000000317A2C1021E2E73F8051632A6D9D9A3F
66	01010000005CF02E5867E2DC3F0404BE9DD19DC93F	0101000000A275F4E0FF3AEB3F8CE832ABE51ECB3F
67	01010000003A44EBC5A1BAEE3F4EBC75264CFFEC3F	01010000002A3ABF1AB75CEE3F943EED339A76D73F
68	0101000000706151264044AC3F2E51E22123DCEB3F	0101000000C8D039E6ACD5B63F96DB21D0565AEE3F
69	0101000000C4DC94F003ABC63F6D0C16CE08D3EA3F	0101000000048F7A3A8A2BDC3F7BCE4DD61ECCEA3F
70	0101000000C03853142DA0BA3F032D9D00A008E33F	01010000002546181388A5EE3F1CD7986D8033D13F
71	0101000000C250D3E46644D93F0EDA859CBA08E63F	01010000009E3A9B16650FEC3F5984EC4772B5E23F
72	010100000036EBD17E2BBCD73F96D75AD0EB19EA3F	01010000006D2C633C7B1EE53F2C57CCF27846DA3F
73	0101000000606DFE5FC475B63FE0A2173E984CDC3F	0101000000397F1426BC6DE43FD8FBAFAD6E6AE73F
74	0101000000F49F634264DDD43F60B8B98EF605923F	0101000000444C30BAFED4DE3FBAA2F2EB21FDE63F
75	01010000002C88BA867B45E43FD0C3771213BAE53F	0101000000797FD073AF34E33F26EBCDAF2FE3E83F
76	010100000037F6D164AC6DED3F3D20EC5B2F90E13F	010100000000CAC689ACC17F3FB88E77983405E83F
77	0101000000CF5371E29190E33F17F727241A52EC3F	01010000005051EAF71B92E23FF5B7F6ABDCFFE93F
78	010100000013B0D6CBB3B1EC3F80C1CA096963B33F	0101000000C84934809BBAD83FD59ED03E6C75EE3F
79	01010000008C4263C48F48C03F2CD3509CA460ED3F	0101000000BF7B0A5931DBE53FF7A63F7A76E3EF3F
80	\N	\N
81	\N	\N
82	\N	\N
83	\N	\N
84	\N	\N
85	\N	\N
86	\N	\N
87	\N	\N
88	\N	\N
89	\N	\N
90	\N	\N
91	\N	\N
92	\N	\N
93	\N	\N
94	\N	\N
95	\N	\N
96	\N	\N
97	\N	\N
98	\N	\N
99	\N	\N
\.


--
-- TOC entry 3607 (class 0 OID 86039)
-- Dependencies: 209
-- Data for Name: spatial_ref_sys; Type: TABLE DATA; Schema: public; Owner: postgres
--

COPY public.spatial_ref_sys (srid, auth_name, auth_srid, srtext, proj4text) FROM stdin;
\.


--
-- TOC entry 3638 (class 2606 OID 113060)
-- Name: array_numeric_generator array_nummeric_generator_pkey; Type: CONSTRAINT; Schema: public; Owner: postgres
--

ALTER TABLE ONLY public.array_numeric_generator
    ADD CONSTRAINT array_nummeric_generator_pkey PRIMARY KEY (id);


--
-- TOC entry 3640 (class 2606 OID 113077)
-- Name: binary_generator binary_generator_pkey; Type: CONSTRAINT; Schema: public; Owner: postgres
--

ALTER TABLE ONLY public.binary_generator
    ADD CONSTRAINT binary_generator_pkey PRIMARY KEY (id);


--
-- TOC entry 3614 (class 2606 OID 86807)
-- Name: boolean_generator boolean_generator_pkey; Type: CONSTRAINT; Schema: public; Owner: postgres
--

ALTER TABLE ONLY public.boolean_generator
    ADD CONSTRAINT boolean_generator_pkey PRIMARY KEY (id);


--
-- TOC entry 3618 (class 2606 OID 86809)
-- Name: character_generator character_generator_pkey; Type: CONSTRAINT; Schema: public; Owner: postgres
--

ALTER TABLE ONLY public.character_generator
    ADD CONSTRAINT character_generator_pkey PRIMARY KEY (id);


--
-- TOC entry 3630 (class 2606 OID 86766)
-- Name: fk_generator_ref fk_generator_ref_pkey; Type: CONSTRAINT; Schema: public; Owner: postgres
--

ALTER TABLE ONLY public.fk_generator_ref
    ADD CONSTRAINT fk_generator_ref_pkey PRIMARY KEY (id);


--
-- TOC entry 3632 (class 2606 OID 86787)
-- Name: geometric_generator geometric_generator_pkey; Type: CONSTRAINT; Schema: public; Owner: postgres
--

ALTER TABLE ONLY public.geometric_generator
    ADD CONSTRAINT geometric_generator_pkey PRIMARY KEY (id);


--
-- TOC entry 3610 (class 2606 OID 86811)
-- Name: numeric_generator numeric_generator_pkey; Type: CONSTRAINT; Schema: public; Owner: postgres
--

ALTER TABLE ONLY public.numeric_generator
    ADD CONSTRAINT numeric_generator_pkey PRIMARY KEY (id);


--
-- TOC entry 3634 (class 2606 OID 86803)
-- Name: person_generator person_generator_pkey; Type: CONSTRAINT; Schema: public; Owner: postgres
--

ALTER TABLE ONLY public.person_generator
    ADD CONSTRAINT person_generator_pkey PRIMARY KEY (id);


--
-- TOC entry 3622 (class 2606 OID 85731)
-- Name: enumerated_generator pk enumerated_generator; Type: CONSTRAINT; Schema: public; Owner: postgres
--

ALTER TABLE ONLY public.enumerated_generator
    ADD CONSTRAINT "pk enumerated_generator" PRIMARY KEY (id) INCLUDE ("unique");


--
-- TOC entry 3616 (class 2606 OID 86813)
-- Name: boolean_generator unique bol; Type: CONSTRAINT; Schema: public; Owner: postgres
--

ALTER TABLE ONLY public.boolean_generator
    ADD CONSTRAINT "unique bol" UNIQUE ("unique");


--
-- TOC entry 3624 (class 2606 OID 109466)
-- Name: enumerated_generator unique enum; Type: CONSTRAINT; Schema: public; Owner: postgres
--

ALTER TABLE ONLY public.enumerated_generator
    ADD CONSTRAINT "unique enum" UNIQUE ("unique");


--
-- TOC entry 3636 (class 2606 OID 86805)
-- Name: person_generator unique name; Type: CONSTRAINT; Schema: public; Owner: postgres
--

ALTER TABLE ONLY public.person_generator
    ADD CONSTRAINT "unique name" UNIQUE ("unique");


--
-- TOC entry 3612 (class 2606 OID 86817)
-- Name: numeric_generator unique numeric; Type: CONSTRAINT; Schema: public; Owner: postgres
--

ALTER TABLE ONLY public.numeric_generator
    ADD CONSTRAINT "unique numeric" UNIQUE ("unique");


--
-- TOC entry 3628 (class 2606 OID 86761)
-- Name: spatial_generator unique spatial_generator; Type: CONSTRAINT; Schema: public; Owner: postgres
--

ALTER TABLE ONLY public.spatial_generator
    ADD CONSTRAINT "unique spatial_generator" PRIMARY KEY (id) INCLUDE ("unique");


--
-- TOC entry 3620 (class 2606 OID 86815)
-- Name: character_generator unique text; Type: CONSTRAINT; Schema: public; Owner: postgres
--

ALTER TABLE ONLY public.character_generator
    ADD CONSTRAINT "unique text" UNIQUE ("unique");


--
-- TOC entry 3641 (class 2606 OID 86775)
-- Name: fk_generator fk ref; Type: FK CONSTRAINT; Schema: public; Owner: postgres
--

ALTER TABLE ONLY public.fk_generator
    ADD CONSTRAINT "fk ref" FOREIGN KEY (fk) REFERENCES public.fk_generator_ref(id) NOT VALID;

COMMENT ON COLUMN public.spatial_ref_sys.srid IS 'PGSYNTHDATA[IGNORE]';
COMMENT ON COLUMN public.spatial_ref_sys.auth_name IS 'PGSYNTHDATA[IGNORE]';
COMMENT ON COLUMN public.spatial_ref_sys.auth_srid IS 'PGSYNTHDATA[IGNORE]';
COMMENT ON COLUMN public.spatial_ref_sys.srtext IS 'PGSYNTHDATA[IGNORE]';
COMMENT ON COLUMN public.spatial_ref_sys.proj4text IS 'PGSYNTHDATA[IGNORE]';

-- Completed on 2021-12-10 11:25:25

--
-- PostgreSQL database dump complete
--

